,Accident_Index,Latitude,Longitude,Region,Urban_or_Rural_Area,X1st_Road_Class,Driver_IMD_Decile,Speed_limit,Road_Type,Road_Surface_Conditions,Weather,High_Wind,Lights,Datetime,Year,Season,Month_of_Year,Day_of_Month,Day_of_Week,Hour_of_Day,Number_of_Vehicles,Age_of_Driver,Age_of_Vehicle,Junction_Detail,Junction_Location,X1st_Point_of_Impact,Driver_Journey_Purpose,Engine_CC,Propulsion_Code,Vehicle_Make,Vehicle_Category,Vehicle_Manoeuvre,Accident_Severity,Hour_of_Day_dn,IsMajor,WeekDay_type,isMotorcycle
229,201301ZD30800,51.379922,-0.067151,London,Urban,Unclassified,7,30,Single carriageway,Dry,Fine,No,Darkness - lights,2013-10-12 20:40:00,2013,3,10,12,6,0.861,2,7,10,Crossroads,Leaving main road,Nearside,Other/Not known,1995,Heavy oil,Vauxhall,Car,Turning right,Slight,21.0,0,0,0
230,2014170L20284,54.553858,-1.1543219999999998,North East England,Urban,C,9,30,Single carriageway,Wet or damp,Fine,No,Daylight,2014-02-19 10:00:00,2014,4,2,19,3,0.417,2,1,3,Private drive or entrance,Approaching junction or waiting/parked at junction approach,Front,Other/Not known,1248,Petrol,Hyundai,Car,Going ahead,Slight,10.0,0,1,0
231,2013460232918,51.402260999999996,0.48001499999999997,South East England,Urban,A,9,30,Dual carriageway,Dry,Fine,No,Daylight,2013-09-23 10:00:00,2013,3,9,23,1,0.417,2,8,3,Private drive or entrance,Mid Junction - on roundabout or on main road,Offside,Other/Not known,999,Petrol,Kia,Car,Turning left,Slight,10.0,0,1,0
232,2011551C01926,50.752317,-1.885145,South West England,Urban,A,9,30,One way street,Wet or damp,Raining,No,Daylight,2011-01-14 09:19:00,2011,4,1,14,5,0.388,1,5,12,More than 4 arms (not roundabout),Mid Junction - on roundabout or on main road,Front,Journey as part of work,3200,Petrol,BMW,Car,Going ahead,Fatal_Serious,9.0,1,1,0
233,201401HT21134,51.512873,-0.042214999999999996,London,Urban,A,2,30,Single carriageway,Dry,Fine,No,Darkness - lights,2014-11-13 06:00:00,2014,3,11,13,4,0.25,2,5,9,T or staggered junction,Approaching junction or waiting/parked at junction approach,Offside,Other/Not known,1995,Heavy oil,BMW,Car,Parked,Slight,6.0,0,1,0
234,201106A041991,53.502564,-2.1842599999999996,North West England,Urban,A,6,30,Single carriageway,Dry,Fine,No,Daylight,2011-01-28 14:32:00,2011,4,1,28,5,0.606,1,4,6,Crossroads,Mid Junction - on roundabout or on main road,Front,Other/Not known,2477,Heavy oil,Other,Car,Turning right,Slight,15.0,0,1,0
235,201205EE01184,53.421023,-2.94782,North West England,Urban,B,5,30,Single carriageway,Dry,Fine,No,Darkness - lights,2012-01-15 22:50:00,2012,4,1,15,7,0.951,2,6,13,More than 4 arms (not roundabout),Approaching junction or waiting/parked at junction approach,Front,Other/Not known,1762,Petrol,Toyota,Car,Slowing or stopping,Slight,23.0,0,0,0
236,201206A062862,53.490391,-2.186227,North West England,Urban,C,1,30,Single carriageway,Dry,Fine,No,Daylight,2012-08-02 17:40:00,2012,2,8,2,4,0.736,2,7,11,Not at junction or within 20 metres,Not at or within 20 metres of junction,Did not impact,Other/Not known,1995,Heavy oil,Vauxhall,Car,Going ahead,Fatal_Serious,18.0,1,1,0
237,2012331205290,52.6447,-1.125224,East Midlands,Urban,A,1,30,Roundabout,Wet or damp,Raining,No,Daylight,2012-06-03 18:30:00,2012,1,6,3,7,0.771,2,6,10,Roundabout,Mid Junction - on roundabout or on main road,Front,Other/Not known,1997,Heavy oil,Peugeot,Car,Going ahead,Slight,19.0,0,0,0
238,2010460190402,51.329494,0.518291,South East England,Rural,A,7,60,Single carriageway,Dry,Fine,No,Daylight,2010-08-20 16:20:00,2010,2,8,20,5,0.681,2,3,7,Not at junction or within 20 metres,Not at or within 20 metres of junction,Front,Journey as part of work,1998,Petrol,Honda,Car,Going ahead,Slight,16.0,0,1,0
239,2014100484214,55.050163,-1.456726,North East England,Urban,C,3,30,Single carriageway,Dry,Fine,No,Daylight,2014-08-20 18:20:00,2014,2,8,20,3,0.764,2,1,6,T or staggered junction,Mid Junction - on roundabout or on main road,Front,Commuting to/from work,124,Petrol,Other,Motorcycle,Overtaking,Slight,18.0,0,1,1
240,2012070358045,53.407297,-2.539247,North West England,Urban,Unclassified,1,30,Single carriageway,Frost or ice,Other,No,Darkness - lights,2012-12-15 05:20:00,2012,3,12,15,6,0.222,2,3,11,T or staggered junction,Approaching junction or waiting/parked at junction approach,Front,Commuting to/from work,1840,Petrol,Mazda,Car,Going ahead,Slight,5.0,0,0,0
241,201442I269308,51.478412,0.35475300000000004,East England,Rural,A,5,50,Single carriageway,Dry,Fine,No,Daylight,2014-08-18 14:37:00,2014,2,8,18,1,0.609,2,2,12,T or staggered junction,Entering main road,Offside,Taking pupil to/from school,1587,Petrol,Peugeot,Car,Turning right,Fatal_Serious,15.0,1,1,0
242,2010460186528,51.3017,0.336283,South East England,Rural,A,5,30,Roundabout,Dry,Fine,No,Daylight,2010-05-16 09:30:00,2010,1,5,16,7,0.396,2,1,6,Roundabout,Leaving roundabout,Front,Journey as part of work,1868,Heavy oil,Citroen,Car,Going ahead,Slight,10.0,0,0,0
243,2013030001681,54.157219999999995,-3.1778880000000003,North West England,Rural,Unclassified,4,20,Single carriageway,Dry,Fine,No,Daylight,2013-08-05 15:00:00,2013,2,8,5,1,0.625,2,2,11,T or staggered junction,Approaching junction or waiting/parked at junction approach,Did not impact,Other/Not known,1997,Heavy oil,Citroen,Car,Waiting to go,Slight,15.0,0,1,0
244,2014131440114,53.723240000000004,-2.111675,Yorkshire and the Humber,Urban,A,4,30,Single carriageway,Wet or damp,Fine,No,Darkness - lights,2014-04-04 03:23:00,2014,1,4,4,5,0.141,1,1,13,Not at junction or within 20 metres,Not at or within 20 metres of junction,Offside,Other/Not known,1124,Petrol,Peugeot,Car,Going ahead,Fatal_Serious,3.0,1,1,0
245,2013213005961,52.590179000000006,-1.784275,Wast Midlands,Rural,A,1,30,Roundabout,Dry,Fine,No,Daylight,2013-11-07 07:50:00,2013,3,11,7,4,0.326,2,4,9,Roundabout,Mid Junction - on roundabout or on main road,Front,Other/Not known,1598,Petrol,Vauxhall,Car,Going ahead,Slight,8.0,0,1,0
246,2013450008306,51.379536,-0.41785500000000003,South East England,Urban,Unclassified,6,30,Single carriageway,Dry,Fine,No,Daylight,2013-08-07 09:55:00,2013,2,8,7,3,0.413,3,4,11,Not at junction or within 20 metres,Not at or within 20 metres of junction,Offside,Other/Not known,1948,Petrol,Volvo,Car,Overtaking,Slight,10.0,0,1,0
247,2014360086384,52.668349,1.3211899999999999,East England,Rural,B,5,50,Single carriageway,Dry,Fine,No,Darkness - no lights,2014-12-13 21:40:00,2014,3,12,13,6,0.903,1,7,10,Not at junction or within 20 metres,Not at or within 20 metres of junction,Front,Other/Not known,1199,Petrol,Vauxhall,Car,Going ahead,Slight,22.0,0,0,0
248,201206J065919,53.376302,-2.189066,North West England,Urban,A,9,30,Single carriageway,Dry,Fine,No,Daylight,2012-10-26 10:20:00,2012,3,10,26,5,0.431,1,7,1,Not at junction or within 20 metres,Not at or within 20 metres of junction,Nearside,Other/Not known,1598,Petrol,Nissan,Car,Moving off,Fatal_Serious,10.0,1,1,0
249,201301WW50333,51.429626,-0.166187,London,Urban,A,3,30,Single carriageway,Wet or damp,Fine,No,Daylight,2013-05-30 18:32:00,2013,1,5,30,4,0.772,2,4,1,T or staggered junction,Mid Junction - on roundabout or on main road,Nearside,Commuting to/from work,1997,Heavy oil,Ford,Car,Turning right,Slight,19.0,0,1,0
250,2011440486995,50.855942,-1.139011,South East England,Rural,Motorway,10,70,Dual carriageway,Dry,Fine,No,Daylight,2011-11-17 15:23:00,2011,3,11,17,4,0.641,1,3,8,Not at junction or within 20 metres,Not at or within 20 metres of junction,Front,Other/Not known,1896,Heavy oil,Seat,Car,Going ahead,Fatal_Serious,15.0,1,1,0
252,2014030000068,54.894490000000005,-2.915833,North West England,Urban,A,7,30,Single carriageway,Dry,Fine,No,Daylight,2014-01-09 15:25:00,2014,4,1,9,4,0.642,3,3,3,Not at junction or within 20 metres,Not at or within 20 metres of junction,Front,Other/Not known,1332,Petrol,Other,Car,Going ahead,Slight,15.0,0,1,0
253,2013130428111,53.810514000000005,-1.569683,Yorkshire and the Humber,Urban,Unclassified,3,30,Single carriageway,Wet or damp,Fine,No,Daylight,2013-10-17 08:15:00,2013,3,10,17,4,0.344,2,4,10,Crossroads,Approaching junction or waiting/parked at junction approach,Back,Taking pupil to/from school,1339,Petrol,Honda,Car,Waiting to go,Slight,8.0,0,1,0
254,2014450020626,51.429521,-0.5094609999999999,South East England,Urban,B,5,30,Single carriageway,Dry,Fine,No,Darkness - lights,2014-12-19 20:38:00,2014,3,12,19,5,0.86,2,4,2,Not at junction or within 20 metres,Not at or within 20 metres of junction,Did not impact,Journey as part of work,1968,Heavy oil,Audi,Car,Parked,Fatal_Serious,21.0,1,1,0
255,2014471402383,50.913466,-0.21563000000000002,South East England,Rural,A,8,60,Single carriageway,Dry,Fine,No,Daylight,2014-05-02 14:44:00,2014,1,5,2,5,0.614,2,3,2,T or staggered junction,Approaching junction or waiting/parked at junction approach,Front,Other/Not known,2993,Heavy oil,Land Rover,Car,Going ahead,Slight,15.0,0,1,0
256,201201CW10555,51.509688,-0.128098,London,Urban,A,3,30,Single carriageway,Wet or damp,Fine,No,Daylight,2012-05-10 18:05:00,2012,1,5,10,4,0.753,2,4,1,T or staggered junction,Entering from slip road,Front,Other/Not known,2987,Heavy oil,Mercedes,Taxi,Going ahead,Slight,18.0,0,1,0
257,201250CT2F006,50.954449,-4.186815,South West England,Rural,Unclassified,5,60,Single carriageway,Dry,Fine,No,Daylight,2012-11-16 11:00:00,2012,3,11,16,5,0.458,1,4,9,Not at junction or within 20 metres,Not at or within 20 metres of junction,Front,Other/Not known,1951,Heavy oil,Land Rover,Car,Going ahead,Slight,11.0,0,1,0
258,2011331106043,52.64341700000001,-1.121924,East Midlands,Urban,C,1,30,Single carriageway,Dry,Fine,No,Daylight,2011-10-26 11:22:00,2011,3,10,26,3,0.474,1,4,10,Crossroads,Cleared junction or waiting/parked at junction exit,Front,Other/Not known,1800,Petrol,Other,Car,Going ahead,Slight,11.0,0,1,0
259,201001WW50186,51.419825,-0.13781300000000002,London,Urban,C,4,30,Single carriageway,Dry,Fine,No,Daylight,2010-01-24 13:20:00,2010,4,1,24,7,0.556,2,7,4,Not at junction or within 20 metres,Not at or within 20 metres of junction,Did not impact,Other/Not known,1560,Heavy oil,Ford,Car,Parked,Fatal_Serious,13.0,1,0,0
260,201454A337014,51.591179,-1.774143,South West England,Urban,A,2,30,Single carriageway,Wet or damp,Fine,No,Daylight,2014-11-18 08:40:00,2014,3,11,18,2,0.361,2,6,11,Private drive or entrance,Leaving main road,Nearside,Taking pupil to/from school,1398,Heavy oil,Citroen,Car,Turning right,Fatal_Serious,9.0,1,1,0
261,2011331105196,52.571143000000006,-1.329205,East Midlands,Urban,C,4,30,Single carriageway,Dry,Fine,No,Daylight,2011-09-18 12:53:00,2011,2,9,18,7,0.537,3,1,12,Private drive or entrance,Approaching junction or waiting/parked at junction approach,Back,Other/Not known,1299,Petrol,Ford,Car,Waiting to go,Slight,13.0,0,0,0
262,201304DL13110,53.771465,-2.712216,North West England,Urban,Unclassified,1,30,Single carriageway,Wet or damp,Raining,No,Darkness - lights,2013-12-15 22:51:00,2013,3,12,15,7,0.952,2,5,15,Crossroads,Approaching junction or waiting/parked at junction approach,Front,Other/Not known,1199,Petrol,Vauxhall,Car,Going ahead,Slight,23.0,0,0,0
263,2011440539308,51.275578,-1.097212,South East England,Urban,Unclassified,8,30,Single carriageway,Dry,Fine,No,Daylight,2011-12-26 14:54:00,2011,4,12,26,1,0.621,2,5,6,T or staggered junction,Mid Junction - on roundabout or on main road,Nearside,Other/Not known,2720,Heavy oil,Other,Car,Going ahead,Slight,15.0,0,1,0
264,2010100109310,55.00775,-1.445682,North East England,Urban,A,1,30,Single carriageway,Wet or damp,Raining,No,Daylight,2010-02-26 10:30:00,2010,4,2,26,5,0.438,1,7,8,Crossroads,Cleared junction or waiting/parked at junction exit,Front,Other/Not known,1998,Petrol,Renault,Car,Going ahead,Slight,11.0,0,1,0
265,2010070149839,53.098399,-2.48415,North West England,Urban,Unclassified,3,30,Single carriageway,Dry,Fine,No,Daylight,2010-05-27 08:56:00,2010,1,5,27,4,0.372,2,4,3,Private drive or entrance,Approaching junction or waiting/parked at junction approach,Front,Journey as part of work,1753,Heavy oil,Ford,Van,Turning right,Slight,9.0,0,1,0
266,201011ND16100,54.778527000000004,-1.561849,North East England,Urban,A,1,30,Single carriageway,Dry,Fine,No,Daylight,2010-07-02 15:58:00,2010,2,7,2,5,0.665,2,3,1,Not at junction or within 20 metres,Not at or within 20 metres of junction,Front,Journey as part of work,2198,Heavy oil,Ford,Van,Overtaking,Slight,16.0,0,1,0
267,201004BC10092,53.874658,-3.006265,North West England,Urban,Unclassified,7,30,Single carriageway,Dry,Fine,No,Daylight,2010-05-13 18:40:00,2010,1,5,13,4,0.778,2,6,1,T or staggered junction,Mid Junction - on roundabout or on main road,Offside,Other/Not known,1248,Heavy oil,Vauxhall,Car,Going ahead,Slight,19.0,0,1,0
268,2014100724214,54.995495,-1.61626,North East England,Urban,A,1,50,Roundabout,Wet or damp,Raining,No,Darkness - lights,2014-11-27 19:05:00,2014,3,11,27,4,0.795,2,7,1,Roundabout,Mid Junction - on roundabout or on main road,Front,Other/Not known,1586,Petrol,Suzuki,Car,Going ahead,Slight,19.0,0,1,0
269,2013160B03991,53.539967000000004,-0.521588,Yorkshire and the Humber,Rural,Unclassified,6,60,Single carriageway,Dry,Fine,No,Daylight,2013-11-13 14:54:00,2013,3,11,13,3,0.621,2,8,10,T or staggered junction,Entering main road,Back,Other/Not known,1794,Petrol,Toyota,Car,Turning left,Slight,15.0,0,1,0
270,2010350199810,52.227034,-0.130429,East England,Rural,A,5,60,Single carriageway,Wet or damp,Fine,No,Daylight,2010-01-27 16:05:00,2010,4,1,27,3,0.67,3,3,1,Not at junction or within 20 metres,Not at or within 20 metres of junction,Offside,Other/Not known,1560,Heavy oil,Peugeot,Car,Going ahead,Fatal_Serious,16.0,1,1,0
271,2011160B02211,53.480559,-0.552739,Yorkshire and the Humber,Rural,A,7,60,Single carriageway,Dry,Fine,No,Daylight,2011-06-10 10:50:00,2011,1,6,10,5,0.451,2,3,13,T or staggered junction,Entering main road,Offside,Other/Not known,1195,Petrol,Vauxhall,Car,Turning right,Slight,11.0,0,1,0
272,2010070072499,53.261093,-2.5081729999999998,North West England,Urban,Unclassified,8,30,Single carriageway,Dry,Fine,No,Darkness - lights,2010-03-14 20:11:00,2010,4,3,14,7,0.841,1,1,5,T or staggered junction,Approaching junction or waiting/parked at junction approach,Offside,Other/Not known,49,Petrol,Other,Motorcycle,Slowing or stopping,Fatal_Serious,20.0,1,0,1
273,201401XH30568,51.507788,-0.4612,London,Urban,Unclassified,3,30,Single carriageway,Dry,Fine,No,Darkness - lights,2014-09-15 18:50:00,2014,2,9,15,1,0.785,1,2,6,Not at junction or within 20 metres,Not at or within 20 metres of junction,Offside,Other/Not known,1896,Heavy oil,Audi,Car,Waiting to go,Slight,19.0,0,1,0
274,2010521004683,51.476664,-2.490259,South West England,Urban,Unclassified,9,30,Single carriageway,Dry,Fine,No,Daylight,2010-05-24 17:00:00,2010,1,5,24,1,0.708,2,4,1,T or staggered junction,Approaching junction or waiting/parked at junction approach,Front,Other/Not known,1997,Heavy oil,Ford,Taxi,Slowing or stopping,Slight,17.0,0,1,0
275,201101KG70251,51.54016,0.150614,London,Urban,Unclassified,2,30,Single carriageway,Dry,Fine,No,Darkness - lights,2011-07-03 20:10:00,2011,2,7,3,7,0.84,2,2,12,Crossroads,Mid Junction - on roundabout or on main road,Nearside,Other/Not known,1600,Petrol,Volkswagen,Car,Going ahead,Fatal_Serious,20.0,1,0,0
276,201304CA13014,53.684580000000004,-2.639568,North West England,Urban,A,9,40,Single carriageway,Dry,Fine,No,Darkness - lights,2013-01-16 16:45:00,2013,4,1,16,3,0.698,2,4,16,T or staggered junction,Approaching junction or waiting/parked at junction approach,Front,Commuting to/from work,124,Petrol,Other,Motorcycle,Going ahead,Slight,17.0,0,1,1
277,2013460235101,51.458884000000005,0.231294,South East England,Rural,A,3,70,Roundabout,Wet or damp,Fine,No,Darkness - lights,2013-12-01 20:10:00,2013,3,12,1,7,0.84,1,4,11,Roundabout,Leaving roundabout,Offside,Other/Not known,1896,Heavy oil,Seat,Car,Going ahead,Slight,20.0,0,0,0
278,201306N071115,53.587952,-2.31887,North West England,Urban,Unclassified,8,30,Single carriageway,Dry,Fine,No,Daylight,2013-03-06 17:21:00,2013,4,3,6,3,0.723,1,5,1,T or staggered junction,Cleared junction or waiting/parked at junction exit,Nearside,Other/Not known,1120,Heavy oil,Kia,Car,Going ahead,Slight,17.0,0,1,0
279,201320W020383,52.480306000000006,-1.892037,Wast Midlands,Urban,B,4,30,Dual carriageway,Wet or damp,Fine,No,Daylight,2013-04-27 16:40:00,2013,1,4,27,6,0.694,2,6,2,T or staggered junction,Mid Junction - on roundabout or on main road,Nearside,Other/Not known,2993,Heavy oil,Other,Car,Going ahead,Slight,17.0,0,0,0
280,201201TX20617,51.478475,-0.32364899999999996,London,Urban,A,5,30,Single carriageway,Wet or damp,Raining,No,Darkness - lights,2012-10-11 19:18:00,2012,3,10,11,4,0.804,2,4,7,Crossroads,Mid Junction - on roundabout or on main road,Offside,Other/Not known,2902,Heavy oil,Kia,Car,Reversing,Slight,19.0,0,1,0
281,201220N010372,52.52447900000001,-1.840341,Wast Midlands,Urban,A,1,30,Dual carriageway,Wet or damp,Raining,No,Daylight,2012-02-13 15:00:00,2012,4,2,13,1,0.625,2,6,17,T or staggered junction,Entering main road,Offside,Other/Not known,1952,Heavy oil,Nissan,Car,Moving off,Slight,15.0,0,1,0
282,201432L082914,53.341795999999995,-0.396552,East Midlands,Rural,A,1,60,Single carriageway,Dry,Fine,No,Daylight,2014-03-03 18:00:00,2014,4,3,3,1,0.75,1,3,8,Not at junction or within 20 metres,Not at or within 20 metres of junction,Did not impact,Other/Not known,124,Petrol,Suzuki,Motorcycle,Going ahead,Slight,18.0,0,1,1
283,201206F060783,53.510965,-2.3381060000000002,North West England,Urban,A,3,30,Single carriageway,Dry,Fine,No,Daylight,2012-05-05 11:45:00,2012,1,5,5,6,0.49,2,5,21,T or staggered junction,Approaching junction or waiting/parked at junction approach,Front,Other/Not known,738,Petrol,Other,Motorcycle,Going ahead,Slight,12.0,0,0,1
284,2013140003538,53.524715,-1.1245450000000001,Yorkshire and the Humber,Urban,Unclassified,5,30,Single carriageway,Dry,Fine,No,Darkness - lights,2013-02-09 22:05:00,2013,4,2,9,6,0.92,2,2,8,T or staggered junction,Approaching junction or waiting/parked at junction approach,Front,Other/Not known,1248,Heavy oil,Vauxhall,Car,Going ahead,Slight,22.0,0,0,0
285,2014214005190,52.637043000000006,-2.045496,Wast Midlands,Rural,A,7,30,Roundabout,Wet or damp,Fine,No,Darkness - lights,2014-10-06 22:42:00,2014,3,10,6,1,0.946,2,4,1,Roundabout,Mid Junction - on roundabout or on main road,Front,Other/Not known,1968,Heavy oil,Skoda,Car,Turning right,Slight,23.0,0,1,0
286,201022D002095,52.436048,-2.3207869999999997,Wast Midlands,Rural,A,3,60,Single carriageway,Dry,Fine,No,Daylight,2010-04-23 17:20:00,2010,1,4,23,5,0.722,2,3,13,Not at junction or within 20 metres,Not at or within 20 metres of junction,Offside,Other/Not known,1905,Heavy oil,Peugeot,Car,Going ahead,Fatal_Serious,17.0,1,1,0
287,201201YE80701,51.628054,-0.041304,London,Urban,A,5,40,Single carriageway,Dry,Fine,No,Daylight,2012-10-31 11:50:00,2012,3,10,31,3,0.493,4,5,2,T or staggered junction,Cleared junction or waiting/parked at junction exit,Back,Other/Not known,1596,Petrol,Ford,Car,Moving off,Fatal_Serious,12.0,1,1,0
288,2014214002469,53.039063,-2.2284669999999998,Wast Midlands,Urban,C,8,30,Single carriageway,Dry,Fine,No,Daylight,2014-05-03 17:17:00,2014,1,5,3,6,0.72,2,4,21,Crossroads,Entering main road,Nearside,Other/Not known,1587,Petrol,Toyota,Car,Going ahead,Fatal_Serious,17.0,1,0,0
289,201101LX50484,51.453857,-0.145928,London,Urban,A,1,30,Single carriageway,Dry,Fine,No,Daylight,2011-07-10 17:05:00,2011,2,7,10,7,0.712,2,4,11,Not at junction or within 20 metres,Not at or within 20 metres of junction,Offside,Other/Not known,1396,Petrol,Honda,Car,Moving off,Slight,17.0,0,0,0
290,201301FH10208,51.476088,-0.204934,London,Urban,A,8,30,Single carriageway,Dry,Fine,No,Darkness - lights,2013-05-08 20:15:00,2013,1,5,8,3,0.844,1,5,2,T or staggered junction,Mid Junction - on roundabout or on main road,Offside,Other/Not known,1591,Petrol,Kia,Car,Going ahead,Slight,20.0,0,1,0
291,201145GU63665,51.243140999999994,-0.538675,South East England,Urban,A,3,40,Single carriageway,Wet or damp,Raining,No,Daylight,2011-08-25 11:43:00,2011,2,8,25,4,0.488,2,2,7,T or staggered junction,Mid Junction - on roundabout or on main road,Front,Journey as part of work,1998,Heavy oil,Ford,Van,Turning right,Slight,12.0,0,1,0
292,201201WW50415,51.444339,-0.23424,London,Urban,A,10,40,Dual carriageway,Dry,Fine,Yes,Daylight,2012-06-08 14:15:00,2012,1,6,8,5,0.594,2,4,7,T or staggered junction,Mid Junction - on roundabout or on main road,Front,Other/Not known,1998,Heavy oil,Ford,Van,Going ahead,Slight,14.0,0,1,0
293,201437EA81351,52.344382,0.515404,East England,Urban,A,8,30,Single carriageway,Dry,Fine,No,Daylight,2014-06-21 18:28:00,2014,2,6,21,6,0.769,2,3,5,Not at junction or within 20 metres,Not at or within 20 metres of junction,Front,Other/Not known,1398,Heavy oil,Peugeot,Car,Overtaking,Fatal_Serious,18.0,1,0,0
294,201104EA11203,53.759329,-2.46563,North West England,Urban,Unclassified,1,30,Single carriageway,Wet or damp,Fine,No,Daylight,2011-09-07 07:50:00,2011,2,9,7,3,0.326,2,4,2,T or staggered junction,Cleared junction or waiting/parked at junction exit,Nearside,Other/Not known,2179,Heavy oil,Land Rover,Car,Overtaking,Slight,8.0,0,1,0
295,2012460216754,51.388166999999996,1.387209,South East England,Urban,C,6,30,Single carriageway,Dry,Fine,No,Daylight,2012-07-21 19:30:00,2012,2,7,21,6,0.812,2,6,10,T or staggered junction,Approaching junction or waiting/parked at junction approach,Front,Other/Not known,2967,Petrol,Other,Car,Waiting to go,Slight,19.0,0,0,0
296,2014404CA1040,51.854116,-0.424917,East England,Rural,Motorway,3,70,Roundabout,Wet or damp,Raining,No,Daylight,2014-08-25 16:25:00,2014,2,8,25,1,0.684,3,3,5,Roundabout,Leaving roundabout,Front,Other/Not known,1995,Petrol,BMW,Car,Slowing or stopping,Slight,16.0,0,1,0
297,201301TW60285,51.445233,-0.33206199999999997,London,Urban,Unclassified,8,30,Single carriageway,Wet or damp,Raining,No,Daylight,2013-08-16 09:28:00,2013,2,8,16,5,0.394,1,5,9,T or staggered junction,Cleared junction or waiting/parked at junction exit,Front,Journey as part of work,1588,Petrol,Rover,Car,Turning left,Slight,9.0,0,1,0
298,201342I362811,51.561357,0.48639899999999997,East England,Urban,B,3,30,Single carriageway,Dry,Fine,No,Daylight,2013-11-07 16:20:00,2013,3,11,7,4,0.681,2,5,15,T or staggered junction,Approaching junction or waiting/parked at junction approach,Offside,Other/Not known,1242,Petrol,Ford,Car,Going ahead,Slight,16.0,0,1,0
299,201004BA10001,54.053506999999996,-2.792446,North West England,Urban,Unclassified,1,30,Single carriageway,Snow,Snowing,No,Darkness - lights,2010-01-04 19:09:00,2010,4,1,4,1,0.798,2,4,13,Not at junction or within 20 metres,Not at or within 20 metres of junction,Front,Other/Not known,1242,Petrol,Fiat,Car,Going ahead,Slight,19.0,0,1,0
300,201337EA73850,51.974732,1.151916,East England,Rural,B,7,30,Single carriageway,Wet or damp,Raining,No,Daylight,2013-08-22 02:15:00,2013,2,8,22,4,0.094,2,1,9,Not at junction or within 20 metres,Not at or within 20 metres of junction,Nearside,Other/Not known,1124,Petrol,Peugeot,Car,Going ahead,Slight,2.0,0,1,0
301,2013100211513,54.973898,-1.618403,North East England,Urban,B,2,30,Single carriageway,Dry,Fine,No,Darkness - lights,2013-04-23 21:12:00,2013,1,4,23,2,0.883,1,1,2,Not at junction or within 20 metres,Not at or within 20 metres of junction,Front,Other/Not known,1796,Petrol,Other,Car,Going ahead,Slight,21.0,0,1,0
302,2011070269588,53.342673,-2.739401,North West England,Urban,A,5,40,Single carriageway,Dry,Fine,No,Daylight,2011-09-22 14:45:00,2011,3,9,22,4,0.615,2,3,4,Slip road,Approaching junction or waiting/parked at junction approach,Back,Other/Not known,1995,Heavy oil,BMW,Car,Waiting to go,Slight,15.0,0,1,0
303,201001WW50340,51.461661,-0.18491300000000002,London,Urban,A,6,30,Dual carriageway,Dry,Fine,No,Daylight,2010-05-18 16:00:00,2010,1,5,18,2,0.667,3,3,7,Roundabout,Mid Junction - on roundabout or on main road,Back,Other/Not known,1586,Petrol,Suzuki,Car,Slowing or stopping,Slight,16.0,0,1,0
304,2011471102947,50.823576,-0.14360699999999998,South East England,Urban,B,3,30,Single carriageway,Dry,Fine,No,Darkness - lights,2011-05-11 20:35:00,2011,1,5,11,3,0.858,2,5,7,Crossroads,Approaching junction or waiting/parked at junction approach,Nearside,Journey as part of work,1997,Heavy oil,Peugeot,Taxi,Turning left,Slight,21.0,0,1,0
305,2014471407338,50.772653999999996,0.102219,South East England,Urban,Unclassified,7,30,Single carriageway,Dry,Fine,No,Daylight,2014-12-12 13:17:00,2014,3,12,12,5,0.553,1,8,21,Not at junction or within 20 metres,Not at or within 20 metres of junction,Back,Other/Not known,1275,Petrol,Nissan,Car,Reversing,Fatal_Serious,13.0,1,1,0