,Accident_Index,Latitude,Longitude,Region,Urban_or_Rural_Area,X1st_Road_Class,Driver_IMD_Decile,Speed_limit,Road_Type,Road_Surface_Conditions,Weather,High_Wind,Lights,Datetime,Year,Season,Month_of_Year,Day_of_Month,Day_of_Week,Hour_of_Day,Number_of_Vehicles,Age_of_Driver,Age_of_Vehicle,Junction_Detail,Junction_Location,X1st_Point_of_Impact,Driver_Journey_Purpose,Engine_CC,Propulsion_Code,Vehicle_Make,Vehicle_Category,Vehicle_Manoeuvre,Accident_Severity,Hour_of_Day_dn,IsMajor,WeekDay_type,isMotorcycle
383,201201WW50561,51.439121,-0.18695799999999999,London,Urban,A,4,30,Single carriageway,Dry,Fine,No,Darkness - lights,2012-07-15 20:10:00,2012,2,7,15,7,0.84,2,4,10,T or staggered junction,Mid Junction - on roundabout or on main road,Front,Other/Not known,1595,Petrol,Volkswagen,Car,Turning right,Slight,20.0,0,0,0
384,2014300009738,53.00818100000001,-1.481472,East Midlands,Rural,A,7,40,Single carriageway,Wet or damp,Fine,No,Darkness - lights,2014-10-10 00:37:00,2014,3,10,10,5,0.026,1,1,7,Not at junction or within 20 metres,Not at or within 20 metres of junction,Front,Other/Not known,998,Petrol,Citroen,Car,Going ahead,Slight,1.0,0,1,0
385,201130D000240,52.874575,-1.679041,East Midlands,Rural,A,8,40,Single carriageway,Wet or damp,Raining,No,Daylight,2011-03-05 11:44:00,2011,4,3,5,6,0.489,2,4,12,Crossroads,Mid Junction - on roundabout or on main road,Front,Other/Not known,1242,Petrol,Fiat,Car,Going ahead,Slight,12.0,0,0,0
386,201342I396312,51.67732,0.0032450000000000005,East England,Rural,A,7,40,Roundabout,Dry,Fine,No,Darkness - lights,2013-12-12 17:55:00,2013,3,12,12,4,0.747,2,6,4,Roundabout,Entering roundabout,Back,Other/Not known,1598,Petrol,Renault,Car,Waiting to go,Slight,18.0,0,1,0
387,2014404CA0202,51.884663,-0.439251,East England,Urban,Unclassified,3,20,Single carriageway,Dry,Fine,No,Daylight,2014-02-24 12:46:00,2014,4,2,24,1,0.532,2,3,7,T or staggered junction,Cleared junction or waiting/parked at junction exit,Front,Journey as part of work,1896,Heavy oil,Volkswagen,Taxi,Turning right,Slight,13.0,0,1,0
388,201304FG13025,53.839843,-2.206892,North West England,Urban,A,1,30,Single carriageway,Wet or damp,Raining,No,Daylight,2013-04-12 18:15:00,2013,1,4,12,5,0.76,2,4,2,Not at junction or within 20 metres,Not at or within 20 metres of junction,Back,Other/Not known,1461,Heavy oil,Renault,Car,Slowing or stopping,Slight,18.0,0,1,0
389,2013440341849,51.361002,-1.086471,South East England,Rural,Unclassified,10,60,Single carriageway,Wet or damp,Raining,No,Daylight,2013-09-08 14:28:00,2013,2,9,8,7,0.603,2,4,12,Not at junction or within 20 metres,Not at or within 20 metres of junction,Offside,Other/Not known,1984,Petrol,Volkswagen,Car,Going ahead,Slight,14.0,0,0,0
390,2013460223236,51.427149,0.35030300000000003,South East England,Urban,C,7,30,Single carriageway,Dry,Fine,No,Darkness - lights,2013-01-16 18:35:00,2013,4,1,16,3,0.774,2,2,10,T or staggered junction,Approaching junction or waiting/parked at junction approach,Front,Other/Not known,1199,Petrol,Vauxhall,Car,Going ahead,Slight,19.0,0,1,0
391,201242I241507,51.898127,0.9163190000000001,East England,Urban,Unclassified,6,30,Single carriageway,Dry,Fine,No,Daylight,2012-07-27 07:34:00,2012,2,7,27,5,0.315,2,4,6,Not at junction or within 20 metres,Not at or within 20 metres of junction,Front,Journey as part of work,1242,Petrol,Ford,Car,Moving off,Slight,8.0,0,1,0
392,201304BA13084,54.175102,-2.592833,North West England,Rural,A,6,60,Single carriageway,Dry,Fine,No,Daylight,2013-07-07 08:40:00,2013,2,7,7,7,0.361,1,5,11,Not at junction or within 20 metres,Not at or within 20 metres of junction,Nearside,Other/Not known,636,Petrol,Other,Motorcycle,Going ahead,Fatal_Serious,9.0,1,0,1
393,201022D005087,52.335513,-2.047225,Wast Midlands,Urban,A,10,60,Single carriageway,Dry,Fine,No,Daylight,2010-10-08 13:06:00,2010,3,10,8,5,0.546,1,7,8,Not at junction or within 20 metres,Not at or within 20 metres of junction,Front,Other/Not known,1390,Petrol,Renault,Car,Going ahead,Slight,13.0,0,1,0
394,201401JC30103,51.566444,-0.035297,London,Urban,A,2,30,Single carriageway,Wet or damp,Fine,No,Darkness - lights,2014-03-03 19:50:00,2014,4,3,3,1,0.826,2,4,13,T or staggered junction,Mid Junction - on roundabout or on main road,Offside,Other/Not known,1999,Petrol,Ford,Car,Going ahead,Slight,20.0,0,1,0
395,2013521308453,51.522064,-2.550865,South West England,Urban,B,10,30,Roundabout,Dry,Fine,No,Darkness - lights,2013-11-22 18:00:00,2013,3,11,22,5,0.75,2,4,6,Roundabout,Entering roundabout,Front,Other/Not known,1992,Heavy oil,Mercedes,Car,Moving off,Fatal_Serious,18.0,1,1,0
396,201322C303846,52.192085,-2.174639,Wast Midlands,Rural,B,8,60,Single carriageway,Dry,Fine,No,Daylight,2013-10-15 10:00:00,2013,3,10,15,2,0.417,3,7,1,Not at junction or within 20 metres,Not at or within 20 metres of junction,Front,Other/Not known,1360,Petrol,Citroen,Car,Going ahead,Slight,10.0,0,1,0
397,2010130003064,53.817924,-1.6360299999999999,Yorkshire and the Humber,Urban,Unclassified,6,30,Single carriageway,Dry,Fine,No,Daylight,2010-04-28 13:55:00,2010,1,4,28,3,0.58,2,3,5,Not at junction or within 20 metres,Not at or within 20 metres of junction,Back,Journey as part of work,1686,Heavy oil,Vauxhall,Car,Parked,Slight,14.0,0,1,0
398,201401PY20060,51.401014,0.087288,London,Urban,A,6,30,Roundabout,Wet or damp,Fine,No,Daylight,2014-02-08 10:20:00,2014,4,2,8,6,0.431,2,1,12,Roundabout,Mid Junction - on roundabout or on main road,Front,Other/Not known,1242,Petrol,Fiat,Car,Going ahead,Slight,10.0,0,0,0
399,201037G029690,51.969467,1.2485870000000001,East England,Rural,B,8,30,Single carriageway,Dry,Fine,No,Daylight,2010-07-06 18:43:00,2010,2,7,6,2,0.78,1,6,10,Not at junction or within 20 metres,Not at or within 20 metres of junction,Front,Commuting to/from work,1199,Petrol,Vauxhall,Car,Going ahead,Fatal_Serious,19.0,1,1,0
400,201120T040951,52.463896,-1.848214,Wast Midlands,Urban,Unclassified,8,30,Single carriageway,Dry,Fine,No,Daylight,2011-05-17 08:40:00,2011,1,5,17,2,0.361,3,4,1,Not at junction or within 20 metres,Not at or within 20 metres of junction,Front,Commuting to/from work,3200,Heavy oil,Other,Car,Parked,Slight,9.0,0,1,0
401,201232L140912,53.256246999999995,-0.732417,East Midlands,Rural,A,6,60,Single carriageway,Dry,Unknown,No,Daylight,2012-05-28 09:02:00,2012,1,5,28,1,0.376,2,5,13,Crossroads,Approaching junction or waiting/parked at junction approach,Front,Other/Not known,2398,Petrol,Mercedes,Car,Going ahead,Fatal_Serious,9.0,1,1,0
402,201131C312511,52.995805000000004,-1.1972180000000001,East Midlands,Urban,Unclassified,1,30,Single carriageway,Dry,Fine,No,Daylight,2011-11-01 09:50:00,2011,3,11,1,2,0.41,1,1,11,Not at junction or within 20 metres,Not at or within 20 metres of junction,Front,Other/Not known,1389,Petrol,Vauxhall,Car,Going ahead,Slight,10.0,0,1,0
403,2011070045480,53.068251000000004,-2.4923189999999997,North West England,Rural,A,3,60,Single carriageway,Dry,Fine,No,Daylight,2011-02-18 16:10:00,2011,4,2,18,5,0.674,2,2,2,Not at junction or within 20 metres,Not at or within 20 metres of junction,Back,Other/Not known,1242,Petrol,Ford,Car,Slowing or stopping,Slight,16.0,0,1,0
404,201220M013862,52.385428000000005,-1.476604,Wast Midlands,Urban,B,7,40,Single carriageway,Dry,Fine,No,Daylight,2012-09-30 13:00:00,2012,3,9,30,7,0.542,2,7,2,Not at junction or within 20 metres,Not at or within 20 metres of junction,Back,Other/Not known,1360,Petrol,Peugeot,Car,Waiting to go,Slight,13.0,0,0,0
405,201105DD06232,53.473048999999996,-2.688181,North West England,Urban,A,7,30,Single carriageway,Dry,Fine,No,Daylight,2011-11-01 09:05:00,2011,3,11,1,2,0.378,1,2,15,Not at junction or within 20 metres,Not at or within 20 metres of junction,Front,Other/Not known,1896,Petrol,BMW,Car,Going ahead,Fatal_Serious,9.0,1,1,0
406,2010360058901,52.518589,1.547888,East England,Rural,B,6,60,Single carriageway,Wet or damp,Fine,No,Daylight,2010-11-01 08:29:00,2010,3,11,1,1,0.353,3,2,8,Not at junction or within 20 metres,Not at or within 20 metres of junction,Front,Other/Not known,1686,Heavy oil,Vauxhall,Car,Going ahead,Fatal_Serious,8.0,1,1,0
407,2014170S30654,54.558335,-1.305618,North East England,Urban,A,8,30,Single carriageway,Dry,Fine,No,Daylight,2014-03-12 09:15:00,2014,4,3,12,3,0.385,2,6,12,Crossroads,Mid Junction - on roundabout or on main road,Front,Other/Not known,1461,Heavy oil,Renault,Car,Going ahead,Slight,9.0,0,1,0
408,201230B001906,53.239152000000004,-1.786,East Midlands,Rural,A,4,70,Dual carriageway,Dry,Fine,No,Daylight,2012-09-29 11:15:00,2012,3,9,29,6,0.469,1,5,5,Not at junction or within 20 metres,Not at or within 20 metres of junction,Front,Other/Not known,2198,Heavy oil,Ford,Van,Going ahead,Slight,11.0,0,0,0
409,2014554C33433,50.728435,-1.9339439999999999,South West England,Urban,B,4,30,Single carriageway,Dry,Fine,No,Daylight,2014-08-13 19:31:00,2014,2,8,13,3,0.813,3,5,14,Not at junction or within 20 metres,Not at or within 20 metres of junction,Front,Other/Not known,1587,Petrol,Peugeot,Car,Going ahead,Slight,20.0,0,1,0
410,201001YE80414,51.612497999999995,-0.112749,London,Urban,A,2,30,Single carriageway,Dry,Fine,No,Daylight,2010-06-09 07:00:00,2010,1,6,9,3,0.292,2,3,6,Not at junction or within 20 metres,Not at or within 20 metres of junction,Nearside,Other/Not known,1753,Heavy oil,Ford,Van,Changing lane,Slight,7.0,0,1,0
411,2012440284416,50.994991,-1.3591360000000001,South East England,Rural,Motorway,9,70,Slip road,Dry,Fine,No,Daylight,2012-07-23 18:25:00,2012,2,7,23,1,0.767,2,3,9,Roundabout,Approaching junction or waiting/parked at junction approach,Back,Other/Not known,1242,Petrol,Ford,Car,Waiting to go,Slight,18.0,0,1,0
412,201431A173014,53.143663000000004,-1.282838,East Midlands,Urban,Unclassified,2,30,Single carriageway,Dry,Fine,No,Daylight,2014-06-17 16:00:00,2014,1,6,17,2,0.667,2,3,11,T or staggered junction,Approaching junction or waiting/parked at junction approach,Offside,Other/Not known,1984,Petrol,Volkswagen,Car,Going ahead,Slight,16.0,0,1,0
413,2014440431386,50.920617,-1.298797,South East England,Urban,A,3,40,Single carriageway,Dry,Fine,No,Darkness - lights,2014-12-02 17:05:00,2014,3,12,2,2,0.712,2,4,10,T or staggered junction,Approaching junction or waiting/parked at junction approach,Back,Other/Not known,1686,Heavy oil,Vauxhall,Car,Waiting to go,Slight,17.0,0,1,0
414,2013130090865,53.649584,-1.3855549999999999,Yorkshire and the Humber,Rural,A,2,30,Single carriageway,Dry,Fine,No,Darkness - lighting unknown,2013-02-28 06:40:00,2013,4,2,28,4,0.278,2,3,5,T or staggered junction,Approaching junction or waiting/parked at junction approach,Front,Other/Not known,2500,Heavy oil,Other,Van,Going ahead,Fatal_Serious,7.0,1,1,0
415,201201YE80549,51.616217999999996,-0.087027,London,Urban,A,3,40,Roundabout,Wet or damp,Raining,No,Darkness - lights,2012-08-27 21:30:00,2012,2,8,27,1,0.896,2,3,7,Roundabout,Approaching junction or waiting/parked at junction approach,Front,Other/Not known,1149,Petrol,Renault,Car,Going ahead,Slight,22.0,0,1,0
416,201201RY10349,51.484978999999996,0.168182,London,Urban,Unclassified,2,30,One way street,Dry,Fine,No,Daylight,2012-10-10 09:05:00,2012,3,10,10,3,0.378,2,3,13,Crossroads,Mid Junction - on roundabout or on main road,Front,Other/Not known,1598,Petrol,Volkswagen,Car,Going ahead,Slight,9.0,0,1,0
417,201250GA2O001,50.354496000000005,-4.7984160000000005,South West England,Rural,B,3,30,Single carriageway,Wet or damp,Fine,No,Darkness - no lights,2012-01-17 17:39:00,2012,4,1,17,2,0.735,2,2,1,Not at junction or within 20 metres,Not at or within 20 metres of junction,Offside,Other/Not known,124,Petrol,Yamaha,Motorcycle,Going ahead,Fatal_Serious,18.0,1,1,1
418,2010130234691,53.795799,-1.7332299999999998,Yorkshire and the Humber,Urban,Unclassified,1,30,Single carriageway,Dry,Fine,No,Daylight,2010-06-07 18:20:00,2010,1,6,7,1,0.764,1,4,9,T or staggered junction,Approaching junction or waiting/parked at junction approach,Front,Other/Not known,1598,Petrol,Vauxhall,Car,Going ahead,Slight,18.0,0,1,0
419,2012170L20792,54.566023,-1.1526319999999999,North East England,Urban,C,1,30,Single carriageway,Dry,Fine,No,Daylight,2012-05-12 15:25:00,2012,1,5,12,6,0.642,2,1,9,Crossroads,Mid Junction - on roundabout or on main road,Front,Other/Not known,1242,Petrol,Fiat,Car,Turning right,Fatal_Serious,15.0,1,0,0
420,201201GD10734,51.53668,-0.057054999999999995,London,Urban,A,4,30,Single carriageway,Dry,Fine,No,Darkness - lights,2012-11-14 16:45:00,2012,3,11,14,3,0.698,2,3,15,Crossroads,Mid Junction - on roundabout or on main road,Nearside,Other/Not known,1389,Petrol,Vauxhall,Car,Turning right,Slight,17.0,0,1,0
421,2013471306760,50.836756,-0.668489,South East England,Rural,A,4,30,Single carriageway,Dry,Fine,No,Daylight,2013-12-10 15:58:00,2013,3,12,10,2,0.665,4,8,9,T or staggered junction,Approaching junction or waiting/parked at junction approach,Back,Other/Not known,1598,Petrol,Mazda,Car,Going ahead,Slight,16.0,0,1,0
422,201150GT3K008,50.224236,-5.106051,South West England,Rural,Unclassified,5,60,Single carriageway,Dry,Fine,No,Daylight,2011-08-06 09:15:00,2011,2,8,6,6,0.385,1,2,10,Not at junction or within 20 metres,Not at or within 20 metres of junction,Front,Other/Not known,1124,Petrol,Peugeot,Car,Going ahead,Slight,9.0,0,0,0
423,201231A144012,53.13629399999999,-1.189339,East Midlands,Urban,B,6,30,Single carriageway,Wet or damp,Fine,No,Daylight,2012-07-03 14:30:00,2012,2,7,3,2,0.604,2,3,3,Not at junction or within 20 metres,Not at or within 20 metres of junction,Front,Other/Not known,1956,Heavy oil,Vauxhall,Car,Going ahead,Slight,14.0,0,1,0
424,201020K005370,52.506333999999995,-1.9759520000000002,Wast Midlands,Urban,A,1,40,Roundabout,Dry,Fine,No,Daylight,2010-04-16 11:15:00,2010,1,4,16,5,0.469,2,2,1,Roundabout,Leaving roundabout,Front,Journey as part of work,2461,Heavy oil,Volkswagen,Van,Going ahead,Slight,11.0,0,1,0
425,2010460194640,51.440236999999996,0.279599,South East England,Urban,B,5,30,Dual carriageway,Wet or damp,Fine,Yes,Daylight,2010-12-15 09:33:00,2010,3,12,15,3,0.398,3,6,4,Not at junction or within 20 metres,Not at or within 20 metres of junction,Back,Other/Not known,1398,Heavy oil,Peugeot,Car,Going ahead,Slight,10.0,0,1,0
426,2013450004671,51.158736,-0.493393,South East England,Rural,Unclassified,6,60,Single carriageway,Frost or ice,Fine,No,Daylight,2013-03-05 08:00:00,2013,4,3,5,2,0.333,2,1,3,Not at junction or within 20 metres,Not at or within 20 metres of junction,Front,Other/Not known,1198,Petrol,Volkswagen,Car,Going ahead,Slight,8.0,0,1,0
427,2013542941213,51.388664,-2.170313,South West England,Rural,A,9,30,Single carriageway,Dry,Fine,No,Daylight,2013-03-28 12:57:00,2013,1,3,28,4,0.54,2,8,17,Private drive or entrance,Leaving main road,Front,Other/Not known,998,Petrol,Nissan,Car,Turning right,Fatal_Serious,13.0,1,1,0
428,2014547662114,51.417932,-1.880293,South West England,Rural,A,9,60,Single carriageway,Dry,Fine,No,Daylight,2014-08-23 15:56:00,2014,2,8,23,6,0.664,3,7,9,Not at junction or within 20 metres,Not at or within 20 metres of junction,Nearside,Other/Not known,999,Petrol,Honda,Motorcycle,Slowing or stopping,Fatal_Serious,16.0,1,0,1
429,2011551D19577,50.615712,-2.494399,South West England,Rural,B,7,30,Single carriageway,Dry,Fine,No,Daylight,2011-05-03 15:15:00,2011,1,5,3,2,0.635,2,3,8,Crossroads,Approaching junction or waiting/parked at junction approach,Front,Other/Not known,1242,Petrol,Fiat,Car,Going ahead,Slight,15.0,0,1,0
430,201230D000178,52.953446,-1.3072290000000002,East Midlands,Rural,C,5,40,Single carriageway,Dry,Other,No,Darkness - no lights,2012-01-10 16:30:00,2012,4,1,10,2,0.688,2,6,1,T or staggered junction,Leaving main road,Front,Journey as part of work,2143,Heavy oil,Mercedes,Bus/minibus,Turning right,Slight,17.0,0,1,0
431,2014214003539,53.109977,-2.037329,Wast Midlands,Urban,A,1,30,Roundabout,Dry,Fine,No,Daylight,2014-07-05 17:15:00,2014,2,7,5,6,0.719,2,4,8,Roundabout,Mid Junction - on roundabout or on main road,Offside,Other/Not known,1997,Heavy oil,Peugeot,Car,Turning right,Slight,17.0,0,0,0
432,2011130012326,53.609269,-1.890539,Yorkshire and the Humber,Rural,B,6,60,Single carriageway,Frost or ice,Raining,Yes,Darkness - lighting unknown,2011-01-10 07:20:00,2011,4,1,10,1,0.306,3,4,11,Not at junction or within 20 metres,Not at or within 20 metres of junction,Front,Other/Not known,1783,Petrol,Renault,Car,Going ahead,Slight,7.0,0,1,0
433,2011211000938,52.695935,-2.0063299999999997,Wast Midlands,Urban,Unclassified,3,30,Single carriageway,Dry,Fine,No,Daylight,2011-02-10 13:00:00,2011,4,2,10,4,0.542,2,5,11,T or staggered junction,Entering main road,Front,Journey as part of work,2496,Heavy oil,Ford,Van,Turning right,Slight,13.0,0,1,0
434,201037B046071,52.352687,0.537449,East England,Rural,A,4,60,Single carriageway,Dry,Fine,No,Darkness - no lights,2010-10-31 00:50:00,2010,3,10,31,7,0.035,2,6,5,T or staggered junction,Entering main road,Front,Other/Not known,1995,Heavy oil,Toyota,Car,Turning right,Slight,1.0,0,0,0
435,201305BB05750,53.506629000000004,-2.944014,North West England,Urban,A,9,30,Dual carriageway,Wet or damp,Fine,No,Daylight,2013-12-26 14:00:00,2013,4,12,26,4,0.583,1,6,8,Crossroads,Approaching junction or waiting/parked at junction approach,Front,Other/Not known,1998,Petrol,Honda,Car,Going ahead,Slight,14.0,0,1,0
436,201306X068719,53.441430000000004,-2.131997,North West England,Rural,Motorway,4,70,Dual carriageway,Wet or damp,Fine,No,Darkness - no lights,2013-01-07 17:10:00,2013,4,1,7,1,0.715,3,3,4,Not at junction or within 20 metres,Not at or within 20 metres of junction,Nearside,Other/Not known,2148,Heavy oil,Mercedes,Car,Changing lane,Slight,17.0,0,1,0
437,2010440297846,50.904509999999995,-1.33239,South East England,Urban,Unclassified,2,30,Single carriageway,Dry,Fine,Yes,Daylight,2010-07-16 13:15:00,2010,2,7,16,5,0.552,2,4,11,Not at junction or within 20 metres,Not at or within 20 metres of junction,Front,Other/Not known,1589,Petrol,Rover,Car,Moving off,Slight,13.0,0,1,0
438,201401SX20856,51.572154,-0.218324,London,Urban,Unclassified,2,30,Roundabout,Dry,Fine,No,Daylight,2014-09-29 14:00:00,2014,3,9,29,1,0.583,2,3,5,Roundabout,Mid Junction - on roundabout or on main road,Nearside,Other/Not known,125,Petrol,Honda,Motorcycle,Going ahead,Slight,14.0,0,1,1
439,2013130253395,53.764287,-1.425858,Yorkshire and the Humber,Rural,A,10,60,Single carriageway,Dry,Fine,No,Darkness - lighting unknown,2013-06-19 20:30:00,2013,1,6,19,3,0.854,4,4,5,Not at junction or within 20 metres,Not at or within 20 metres of junction,Offside,Other/Not known,1998,Petrol,Honda,Car,Overtaking,Fatal_Serious,20.0,1,1,0
440,201143W161041,51.453433000000004,-0.955399,South East England,Urban,A,10,30,Single carriageway,Dry,Fine,No,Daylight,2011-04-27 06:50:00,2011,1,4,27,3,0.285,3,5,13,T or staggered junction,Approaching junction or waiting/parked at junction approach,Back,Other/Not known,2997,Petrol,Other,Car,Slowing or stopping,Slight,7.0,0,1,0
441,201230C001706,53.145678000000004,-1.414779,East Midlands,Urban,A,8,50,Single carriageway,Dry,Fine,No,Daylight,2012-09-19 11:00:00,2012,2,9,19,3,0.458,3,4,10,T or staggered junction,Mid Junction - on roundabout or on main road,Front,Other/Not known,198,Petrol,Other,Motorcycle,Going ahead,Fatal_Serious,11.0,1,1,1
442,2013450008422,51.422067,-0.41093500000000005,South East England,Rural,A,7,70,Dual carriageway,Wet or damp,Raining,No,Darkness - lights,2013-08-18 01:59:00,2013,2,8,18,7,0.083,1,2,11,Not at junction or within 20 metres,Not at or within 20 metres of junction,Offside,Other/Not known,1149,Petrol,Renault,Car,Going ahead,Slight,2.0,0,0,0
443,2014074007167,53.352141,-2.771806,North West England,Urban,Unclassified,1,30,Single carriageway,Wet or damp,Raining,No,Darkness - lights,2014-01-08 17:38:00,2014,4,1,8,3,0.735,2,3,4,T or staggered junction,Mid Junction - on roundabout or on main road,Front,Other/Not known,996,Petrol,Nissan,Car,Moving off,Slight,18.0,0,1,0
444,2010331006723,52.6165,-1.1415170000000001,East Midlands,Urban,A,9,30,Single carriageway,Dry,Fine,No,Daylight,2010-11-17 06:05:00,2010,3,11,17,3,0.253,3,4,7,Private drive or entrance,Entering main road,Offside,Journey as part of work,1896,Heavy oil,Volkswagen,Car,Moving off,Slight,6.0,0,1,0
445,201401CW11357,51.518229,-0.167819,London,Urban,A,3,30,Single carriageway,Dry,Fine,No,Darkness - lights,2014-09-11 00:56:00,2014,2,9,11,4,0.039,1,5,11,Not at junction or within 20 metres,Not at or within 20 metres of junction,Front,Journey as part of work,2402,Heavy oil,Other,Taxi,Going ahead,Slight,1.0,0,1,0
446,201414K061914,53.373716,-1.513268,Yorkshire and the Humber,Urban,Unclassified,1,30,Single carriageway,Dry,Fine,No,Daylight,2014-03-03 08:57:00,2014,4,3,3,1,0.373,1,3,3,T or staggered junction,Leaving main road,Front,Commuting to/from work,1229,Petrol,Vauxhall,Car,Turning right,Slight,9.0,0,1,0
447,2013233038713,52.160625,-1.881834,Wast Midlands,Rural,A,9,60,Roundabout,Dry,Fine,No,Daylight,2013-04-25 09:24:00,2013,1,4,25,4,0.392,2,5,2,Roundabout,Mid Junction - on roundabout or on main road,Offside,Other/Not known,1248,Heavy oil,Vauxhall,Car,Changing lane,Slight,9.0,0,1,0
448,2011130565398,53.806885,-1.673026,Yorkshire and the Humber,Urban,Unclassified,1,30,Single carriageway,Dry,Fine,No,Darkness - lighting unknown,2011-12-10 17:30:00,2011,3,12,10,6,0.729,1,3,4,T or staggered junction,Approaching junction or waiting/parked at junction approach,Back,Journey as part of work,1998,Heavy oil,Toyota,Taxi,Reversing,Fatal_Serious,17.0,1,0,0
449,201211NH08502,54.851152,-1.755034,North East England,Rural,C,4,30,Single carriageway,Dry,Fine,No,Daylight,2012-04-02 13:56:00,2012,1,4,2,1,0.581,2,5,15,Crossroads,Entering main road,Back,Other/Not known,1489,Petrol,Mazda,Car,Going ahead,Slight,14.0,0,1,0
450,2013520300421,50.923456,-2.669455,South West England,Rural,Unclassified,8,60,Single carriageway,Dry,Fine,No,Daylight,2013-01-16 07:57:00,2013,4,1,16,3,0.331,2,6,9,Not at junction or within 20 metres,Not at or within 20 metres of junction,Front,Other/Not known,1198,Petrol,Skoda,Car,Going ahead,Slight,8.0,0,1,0
451,201454A668114,51.293507,-2.190929,South West England,Rural,A,8,30,Single carriageway,Dry,Fine,No,Darkness - lights,2014-11-27 19:25:00,2014,3,11,27,4,0.809,2,1,2,Roundabout,Approaching junction or waiting/parked at junction approach,Back,Other/Not known,1242,Petrol,Suzuki,Car,Waiting to go,Slight,19.0,0,1,0
452,201423S030660,52.217811,-1.784401,Wast Midlands,Rural,Unclassified,7,60,Single carriageway,Dry,Fine,No,Daylight,2014-06-16 07:30:00,2014,1,6,16,1,0.312,1,6,8,Not at junction or within 20 metres,Not at or within 20 metres of junction,Back,Journey as part of work,1910,Heavy oil,Vauxhall,Car,Going ahead,Slight,7.0,0,1,0
453,2010440170449,50.906998,-1.410295,South East England,Urban,A,10,30,Dual carriageway,Dry,Fine,No,Daylight,2010-04-27 17:50:00,2010,1,4,27,2,0.743,2,2,1,Not at junction or within 20 metres,Not at or within 20 metres of junction,Back,Other/Not known,1242,Petrol,Ford,Car,Slowing or stopping,Slight,18.0,0,1,0
454,201130B000021,53.018354,-1.7302990000000003,East Midlands,Rural,C,9,30,Single carriageway,Wet or damp,Fine,No,Daylight,2011-01-19 07:25:00,2011,4,1,19,3,0.309,2,3,2,T or staggered junction,Entering main road,Front,Other/Not known,1461,Heavy oil,Renault,Car,Turning right,Slight,7.0,0,1,0
455,2013350040013,52.518951,-0.269726,East England,Rural,A,3,30,Single carriageway,Dry,Fine,No,Daylight,2013-01-29 09:58:00,2013,4,1,29,2,0.415,2,5,15,Not at junction or within 20 metres,Not at or within 20 metres of junction,Front,Commuting to/from work,2157,Petrol,Honda,Car,Going ahead,Slight,10.0,0,1,0
456,201201XD80499,51.549151,-0.36792800000000003,London,Urban,C,2,30,Single carriageway,Dry,Fine,No,Darkness - lights,2012-07-04 20:00:00,2012,2,7,4,3,0.833,2,5,10,Private drive or entrance,Mid Junction - on roundabout or on main road,Offside,Other/Not known,2148,Heavy oil,Mercedes,Car,Turning right,Slight,20.0,0,1,0
457,201001KF60534,51.536054,0.006797,London,Urban,A,5,30,Single carriageway,Dry,Fine,No,Darkness - lights,2010-08-19 21:34:00,2010,2,8,19,4,0.899,2,4,4,T or staggered junction,Leaving main road,Offside,Other/Not known,599,Petrol,Honda,Motorcycle,Turning left,Slight,22.0,0,1,1
458,2014214005999,53.106987,-2.0207900000000003,Wast Midlands,Urban,A,3,30,Single carriageway,Wet or damp,Fine,No,Darkness - lights,2014-11-14 17:25:00,2014,3,11,14,5,0.726,2,1,2,Crossroads,Entering main road,Front,Other/Not known,124,Petrol,Other,Motorcycle,Turning right,Slight,17.0,0,1,1
459,201101XD80496,51.538208000000004,-0.357072,London,Urban,A,4,50,Dual carriageway,Wet or damp,Raining,No,Daylight,2011-08-11 13:50:00,2011,2,8,11,4,0.576,2,5,1,Not at junction or within 20 metres,Not at or within 20 metres of junction,Offside,Journey as part of work,124,Petrol,Yamaha,Motorcycle,Going ahead,Slight,14.0,0,1,1