,Accident_Index,Latitude,Longitude,Region,Urban_or_Rural_Area,X1st_Road_Class,Driver_IMD_Decile,Speed_limit,Road_Type,Road_Surface_Conditions,Weather,High_Wind,Lights,Datetime,Year,Season,Month_of_Year,Day_of_Month,Day_of_Week,Hour_of_Day,Number_of_Vehicles,Age_of_Driver,Age_of_Vehicle,Junction_Detail,Junction_Location,X1st_Point_of_Impact,Driver_Journey_Purpose,Engine_CC,Propulsion_Code,Vehicle_Make,Vehicle_Category,Vehicle_Manoeuvre,Accident_Severity,Hour_of_Day_dn,IsMajor,WeekDay_type,isMotorcycle
460,2011521104981,51.372929,-2.808954,South West England,Rural,A,7,30,Single carriageway,Dry,Fine,No,Daylight,2011-08-05 14:10:00,2011,2,8,5,5,0.59,2,4,4,Crossroads,Mid Junction - on roundabout or on main road,Offside,Other/Not known,1364,Petrol,Vauxhall,Car,Going ahead,Slight,14.0,0,1,0
461,201204AX12068,53.816357999999994,-3.03388,North West England,Urban,Unclassified,2,30,Single carriageway,Dry,Fine,No,Daylight,2012-07-12 18:30:00,2012,2,7,12,4,0.771,2,6,12,T or staggered junction,Cleared junction or waiting/parked at junction exit,Front,Other/Not known,2259,Petrol,Ford,Car,Going ahead,Slight,19.0,0,1,0
462,2011460200910,51.358979999999995,0.543899,South East England,Urban,Unclassified,2,30,Single carriageway,Wet or damp,Raining,No,Daylight,2011-06-06 08:17:00,2011,1,6,6,1,0.345,2,5,9,T or staggered junction,Mid Junction - on roundabout or on main road,Front,Journey as part of work,1997,Heavy oil,Citroen,Car,Turning right,Slight,8.0,0,1,0
463,2014450019951,51.337499,-0.53282,South East England,Urban,A,9,40,Single carriageway,Dry,Fine,No,Daylight,2014-11-18 08:10:00,2014,3,11,18,2,0.34,3,3,13,Private drive or entrance,Approaching junction or waiting/parked at junction approach,Back,Other/Not known,1390,Petrol,Volkswagen,Car,Going ahead,Slight,8.0,0,1,0
464,201050DE2F021,50.729527000000004,-3.526131,South West England,Urban,Unclassified,7,30,Roundabout,Dry,Fine,Yes,Daylight,2010-11-08 14:00:00,2010,3,11,8,1,0.583,2,6,18,Roundabout,Entering roundabout,Offside,Commuting to/from work,1118,Petrol,Ford,Car,Going ahead,Slight,14.0,0,1,0
465,201301CW10820,51.527589,-0.197286,London,Urban,B,7,30,Single carriageway,Dry,Fine,No,Daylight,2013-07-01 12:47:00,2013,2,7,1,1,0.533,1,4,2,T or staggered junction,Mid Junction - on roundabout or on main road,Nearside,Journey as part of work,1995,Heavy oil,Vauxhall,Van,Turning left,Slight,13.0,0,1,0
466,201450AY2D022,50.206265,-5.371606,South West England,Rural,A,3,60,Single carriageway,Dry,Fine,No,Daylight,2014-08-13 10:50:00,2014,2,8,13,3,0.451,2,3,4,Not at junction or within 20 metres,Not at or within 20 metres of junction,Front,Other/Not known,1364,Petrol,Vauxhall,Car,Going ahead,Slight,11.0,0,1,0
467,2012360064615,52.756552,0.393834,East England,Urban,Unclassified,1,30,Roundabout,Wet or damp,Fine,No,Darkness - lights,2012-02-15 17:30:00,2012,4,2,15,3,0.729,1,3,9,Roundabout,Cleared junction or waiting/parked at junction exit,Front,Other/Not known,1896,Heavy oil,Audi,Car,Going ahead,Fatal_Serious,17.0,1,1,0
468,2013160D07081,53.743931999999994,-0.38961999999999997,Yorkshire and the Humber,Urban,B,4,30,Single carriageway,Dry,Fine,No,Daylight,2013-11-14 09:35:00,2013,3,11,14,4,0.399,2,2,1,T or staggered junction,Entering main road,Nearside,Commuting to/from work,125,Petrol,Honda,Motorcycle,Turning right,Slight,10.0,0,1,1
469,2011130221171,53.662149,-1.780534,Yorkshire and the Humber,Urban,A,4,30,Single carriageway,Dry,Fine,No,Daylight,2011-05-15 09:15:00,2011,1,5,15,7,0.385,2,4,4,More than 4 arms (not roundabout),Approaching junction or waiting/parked at junction approach,Offside,Other/Not known,2204,Heavy oil,Honda,Car,Going ahead,Slight,9.0,0,0,0
470,201443W250104,51.363684,-0.8209540000000001,South East England,Rural,A,8,40,Single carriageway,Dry,Fine,No,Daylight,2014-10-28 08:19:00,2014,3,10,28,2,0.347,3,5,13,Not at junction or within 20 metres,Not at or within 20 metres of junction,Back,Commuting to/from work,1951,Heavy oil,BMW,Car,Slowing or stopping,Slight,8.0,0,1,0
471,2014471401593,50.82398,-0.37304299999999996,South East England,Urban,A,5,30,Single carriageway,Dry,Fine,No,Daylight,2014-03-24 07:48:00,2014,1,3,24,1,0.325,2,4,8,Crossroads,Mid Junction - on roundabout or on main road,Nearside,Journey as part of work,1998,Heavy oil,Ford,Van,Turning right,Fatal_Serious,8.0,1,1,0
472,201301QK50666,51.544703999999996,-0.252712,London,Urban,A,4,30,Dual carriageway,Dry,Fine,No,Darkness - lighting unknown,2013-07-26 19:10:00,2013,2,7,26,5,0.799,2,5,1,Crossroads,Leaving main road,Nearside,Other/Not known,1598,Heavy oil,Volkswagen,Car,Turning right,Slight,19.0,0,1,0
473,2011130521475,53.690266,-1.6280459999999999,Yorkshire and the Humber,Urban,A,7,30,Dual carriageway,Wet or damp,Fine,No,Darkness - lights,2011-11-13 17:25:00,2011,3,11,13,7,0.726,2,3,5,T or staggered junction,Approaching junction or waiting/parked at junction approach,Front,Commuting to/from work,125,Petrol,Other,Motorcycle,Going ahead,Slight,17.0,0,0,1
474,2014440240432,51.059858,-1.318586,South East England,Urban,B,9,30,Single carriageway,Dry,Fine,No,Daylight,2014-07-07 08:23:00,2014,2,7,7,1,0.349,2,5,6,T or staggered junction,Mid Junction - on roundabout or on main road,Offside,Other/Not known,2148,Heavy oil,Mercedes,Car,Moving off,Fatal_Serious,8.0,1,1,0
475,201420J004514,52.469654000000006,-2.148797,Wast Midlands,Urban,A,3,30,One way street,Dry,Fine,No,Daylight,2014-04-14 18:15:00,2014,1,4,14,1,0.76,1,5,1,T or staggered junction,Approaching junction or waiting/parked at junction approach,Front,Other/Not known,1560,Heavy oil,Peugeot,Car,Going ahead,Fatal_Serious,18.0,1,1,0
476,2014460239828,51.236402000000005,0.59673,South East England,Rural,Unclassified,6,30,Single carriageway,Dry,Fine,No,Daylight,2014-03-30 10:10:00,2014,1,3,30,7,0.424,1,8,4,Not at junction or within 20 metres,Not at or within 20 metres of junction,Back,Other/Not known,1364,Petrol,Vauxhall,Car,Reversing,Fatal_Serious,10.0,1,0,0
477,2011100047211,55.030238,-1.513894,North East England,Urban,A,1,30,Roundabout,Frost or ice,Fine,No,Daylight,2011-01-20 15:40:00,2011,4,1,20,4,0.653,2,1,13,Roundabout,Approaching junction or waiting/parked at junction approach,Nearside,Other/Not known,1149,Petrol,Renault,Car,Going ahead,Slight,16.0,0,1,0
478,2011460195442,51.29788,0.34742199999999995,South East England,Rural,A,8,50,Single carriageway,Wet or damp,Raining,No,Daylight,2011-01-06 10:20:00,2011,4,1,6,4,0.431,2,5,4,T or staggered junction,Approaching junction or waiting/parked at junction approach,Front,Other/Not known,1995,Petrol,BMW,Car,Going ahead,Slight,10.0,0,1,0
479,201045EL55184,51.399211,-0.384916,South East England,Rural,C,8,30,Single carriageway,Dry,Fine,No,Darkness - lights,2010-10-09 19:19:00,2010,3,10,9,6,0.805,2,3,14,Crossroads,Mid Junction - on roundabout or on main road,Offside,Other/Not known,1995,Petrol,Fiat,Car,Going ahead,Slight,19.0,0,0,0
480,2012471204475,50.841953000000004,-0.665301,South East England,Rural,A,6,30,Single carriageway,Dry,Fine,No,Daylight,2012-08-27 11:24:00,2012,2,8,27,1,0.475,2,4,12,Not at junction or within 20 metres,Not at or within 20 metres of junction,Back,Other/Not known,1995,Heavy oil,Vauxhall,Car,Slowing or stopping,Fatal_Serious,11.0,1,1,0
481,201201TA00250,51.484004,-0.164438,London,Urban,Unclassified,4,30,Single carriageway,Dry,Fine,No,Daylight,2012-03-16 12:20:00,2012,4,3,16,5,0.514,2,4,4,T or staggered junction,Cleared junction or waiting/parked at junction exit,Offside,Other/Not known,249,Petrol,Yamaha,Motorcycle,Going ahead,Fatal_Serious,12.0,1,1,1
482,2013331300225,52.669766,-0.726536,East Midlands,Urban,B,9,30,Single carriageway,Dry,Fine,No,Darkness - no lights,2013-02-06 21:00:00,2013,4,2,6,3,0.875,2,1,8,Private drive or entrance,Entering main road,Front,Other/Not known,1242,Petrol,Ford,Car,Moving off,Slight,21.0,0,1,0
483,201101XH30773,51.4963,-0.41562899999999997,London,Urban,Unclassified,4,30,Single carriageway,Wet or damp,Fine,No,Darkness - lights,2011-12-16 15:55:00,2011,3,12,16,5,0.663,2,5,8,Crossroads,Mid Junction - on roundabout or on main road,Front,Other/Not known,3222,Heavy oil,Mercedes,Car,Going ahead,Slight,16.0,0,1,0
484,2010471005562,50.929805,0.817013,South East England,Rural,C,4,30,Single carriageway,Dry,Fine,Yes,Daylight,2010-08-25 18:53:00,2010,2,8,25,3,0.787,2,1,5,Not at junction or within 20 metres,Not at or within 20 metres of junction,Nearside,Other/Not known,125,Petrol,Honda,Motorcycle,Going ahead,Fatal_Serious,19.0,1,1,1
485,201306Q074512,53.531417000000005,-2.122017,North West England,Urban,C,1,30,Single carriageway,Wet or damp,Raining,No,Daylight,2013-06-14 17:50:00,2013,1,6,14,5,0.743,1,2,5,T or staggered junction,Approaching junction or waiting/parked at junction approach,Front,Journey as part of work,1896,Heavy oil,Volkswagen,Taxi,Going ahead,Slight,18.0,0,1,0
486,2011530204043,51.808402,-2.2871580000000002,South West England,Rural,B,7,40,Single carriageway,Wet or damp,Fine,No,Daylight,2011-03-10 06:30:00,2011,4,3,10,4,0.271,2,5,2,Private drive or entrance,Mid Junction - on roundabout or on main road,Front,Other/Not known,1242,Petrol,Vauxhall,Car,Overtaking,Slight,7.0,0,1,0
487,2011211000153,52.933887,-1.9705080000000001,Wast Midlands,Rural,A,4,70,Dual carriageway,Snow,Snowing,No,Daylight,2011-01-07 08:55:00,2011,4,1,7,5,0.372,1,4,4,Not at junction or within 20 metres,Not at or within 20 metres of junction,Front,Journey as part of work,2402,Heavy oil,Ford,Van,Going ahead,Slight,9.0,0,1,0
488,2011471105719,50.862614,0.559412,South East England,Urban,A,1,30,Single carriageway,Dry,Fine,No,Daylight,2011-09-13 08:20:00,2011,2,9,13,2,0.347,2,3,10,T or staggered junction,Cleared junction or waiting/parked at junction exit,Front,Other/Not known,1390,Petrol,Renault,Car,Moving off,Slight,8.0,0,1,0
489,201401VW40489,51.421733,-0.208215,London,Urban,A,6,30,Single carriageway,Dry,Fine,No,Darkness - lights,2014-10-16 18:04:00,2014,3,10,16,4,0.753,1,3,6,T or staggered junction,Approaching junction or waiting/parked at junction approach,Offside,Commuting to/from work,2204,Heavy oil,Honda,Car,Going ahead,Slight,18.0,0,1,0
490,2013460233902,51.265679,0.482688,South East England,Urban,A,9,30,Single carriageway,Dry,Unknown,No,Daylight,2013-11-01 14:10:00,2013,3,11,1,5,0.59,2,5,9,Crossroads,Approaching junction or waiting/parked at junction approach,Back,Other/Not known,1587,Petrol,Citroen,Car,Going ahead,Slight,14.0,0,1,0
491,2010331004698,52.643370999999995,-1.127837,East Midlands,Urban,A,9,30,Dual carriageway,Wet or damp,Raining,No,Darkness - lights,2010-08-14 05:00:00,2010,2,8,14,6,0.208,2,5,12,Private drive or entrance,Entering main road,Front,Other/Not known,1796,Petrol,Rover,Car,Moving off,Slight,5.0,0,0,0
492,201401VW40013,51.420507,-0.210421,London,Urban,B,8,30,Roundabout,Wet or damp,Fine,No,Darkness - lights,2014-01-03 19:49:00,2014,4,1,3,5,0.826,2,6,14,Roundabout,Mid Junction - on roundabout or on main road,Front,Other/Not known,1800,Petrol,Volkswagen,Car,Going ahead,Slight,20.0,0,1,0
493,201301RG40601,51.461844,0.07509099999999999,London,Urban,C,8,30,Single carriageway,Wet or damp,Raining,No,Darkness - lights,2013-12-16 18:30:00,2013,3,12,16,1,0.771,2,2,5,T or staggered junction,Mid Junction - on roundabout or on main road,Front,Other/Not known,125,Petrol,Honda,Motorcycle,Turning right,Slight,19.0,0,1,1
494,201230D002142,52.904058,-1.286161,East Midlands,Urban,Unclassified,7,30,Single carriageway,Dry,Fine,No,Daylight,2012-10-13 12:57:00,2012,3,10,13,6,0.54,2,4,16,Crossroads,Entering main road,Front,Other/Not known,2494,Petrol,BMW,Car,Moving off,Slight,13.0,0,0,0
495,201101ZD30108,51.374027000000005,-0.09714099999999999,London,Urban,A,5,30,Single carriageway,Dry,Fine,No,Daylight,2011-02-26 11:55:00,2011,4,2,26,6,0.497,2,4,12,Crossroads,Mid Junction - on roundabout or on main road,Back,Other/Not known,998,Petrol,Toyota,Car,Waiting to go,Slight,12.0,0,0,0
496,2011211005342,53.006551,-2.122916,Wast Midlands,Urban,A,4,30,Single carriageway,Dry,Fine,No,Daylight,2011-09-25 15:15:00,2011,3,9,25,7,0.635,2,2,4,Crossroads,Mid Junction - on roundabout or on main road,Front,Other/Not known,656,Petrol,Suzuki,Motorcycle,Going ahead,Slight,15.0,0,0,1
497,201220T054942,52.479342,-1.780577,Wast Midlands,Urban,Unclassified,1,30,Single carriageway,Wet or damp,Fine,No,Daylight,2012-11-12 15:11:00,2012,3,11,12,1,0.633,2,3,7,Crossroads,Mid Junction - on roundabout or on main road,Front,Other/Not known,49,Petrol,Other,Motorcycle,Overtaking,Fatal_Serious,15.0,1,1,1
498,20114100E0395,51.870422,-0.159493,East England,Rural,Unclassified,9,30,Single carriageway,Wet or damp,Fine,No,Daylight,2011-08-13 09:35:00,2011,2,8,13,6,0.399,2,5,4,Not at junction or within 20 metres,Not at or within 20 metres of junction,Front,Other/Not known,1984,Heavy oil,Seat,Car,Waiting to go,Slight,10.0,0,0,0
499,2014440432031,50.939696999999995,-1.387836,South East England,Urban,Unclassified,2,30,Single carriageway,Dry,Fine,No,Daylight,2014-12-03 08:25:00,2014,3,12,3,3,0.351,2,2,12,Not at junction or within 20 metres,Not at or within 20 metres of junction,Front,Journey as part of work,1598,Petrol,Vauxhall,Car,Going ahead,Fatal_Serious,8.0,1,1,0
500,2013460233471,51.364682,1.108727,South East England,Urban,B,5,30,Single carriageway,Wet or damp,Raining,No,Darkness - lights,2013-10-11 18:18:00,2013,3,10,11,5,0.762,1,2,15,More than 4 arms (not roundabout),Leaving main road,Front,Other/Not known,2544,Petrol,Ford,Car,Turning right,Slight,18.0,0,1,0
501,2011460203722,51.384625,0.55567,South East England,Urban,Unclassified,9,30,Single carriageway,Dry,Fine,No,Daylight,2011-08-19 16:00:00,2011,2,8,19,5,0.667,2,2,7,Roundabout,Cleared junction or waiting/parked at junction exit,Front,Other/Not known,1149,Petrol,Renault,Car,Going ahead,Slight,16.0,0,1,0
502,201422C500151,52.23079,-2.140237,Wast Midlands,Rural,Motorway,4,70,Dual carriageway,Dry,Fine,No,Daylight,2014-12-30 14:51:00,2014,4,12,30,2,0.619,4,3,15,Not at junction or within 20 metres,Not at or within 20 metres of junction,Front,Other/Not known,1794,Petrol,Toyota,Car,Slowing or stopping,Slight,15.0,0,1,0
503,2012360067635,52.800478000000005,1.2888620000000002,East England,Rural,C,5,60,Single carriageway,Wet or damp,Fine,No,Daylight,2012-10-10 11:11:00,2012,3,10,10,3,0.466,2,3,10,T or staggered junction,Cleared junction or waiting/parked at junction exit,Front,Taking pupil to/from school,1798,Petrol,Ford,Car,Slowing or stopping,Slight,11.0,0,1,0
504,201406Q085202,53.51215,-2.15663,North West England,Urban,Unclassified,7,30,Single carriageway,Dry,Fine,No,Daylight,2014-04-16 08:45:00,2014,1,4,16,3,0.365,2,1,10,T or staggered junction,Mid Junction - on roundabout or on main road,Front,Journey as part of work,998,Petrol,Vauxhall,Car,Going ahead,Slight,9.0,0,1,0
505,201032C241610,53.183113,0.18808,East Midlands,Rural,A,8,60,Single carriageway,Wet or damp,Fine,No,Daylight,2010-08-21 16:05:00,2010,2,8,21,6,0.67,2,2,7,Other junction,Approaching junction or waiting/parked at junction approach,Nearside,Other/Not known,1149,Petrol,Renault,Car,Overtaking,Slight,16.0,0,0,0
506,2012160D01421,53.76985500000001,-0.294595,Yorkshire and the Humber,Urban,Unclassified,1,30,Single carriageway,Dry,Fine,No,Darkness - lights,2012-03-13 22:45:00,2012,4,3,13,2,0.948,2,2,1,T or staggered junction,Mid Junction - on roundabout or on main road,Front,Other/Not known,125,Petrol,Other,Motorcycle,Going ahead,Fatal_Serious,23.0,1,1,1
507,201014A067310,53.510321999999995,-1.128083,Yorkshire and the Humber,Urban,A,8,40,Roundabout,Dry,Fine,No,Daylight,2010-05-04 16:55:00,2010,1,5,4,2,0.705,2,2,2,Roundabout,Entering roundabout,Back,Other/Not known,1242,Petrol,Ford,Car,Going ahead,Slight,17.0,0,1,0
508,2011070264752,53.399765,-2.627438,North West England,Urban,Unclassified,9,30,Single carriageway,Dry,Fine,No,Daylight,2011-09-15 18:30:00,2011,2,9,15,4,0.771,2,1,2,T or staggered junction,Cleared junction or waiting/parked at junction exit,Front,Other/Not known,49,Petrol,Other,Motorcycle,Going ahead,Slight,19.0,0,1,1
509,2013440448470,50.975867,-1.481127,South East England,Rural,A,7,60,Single carriageway,Wet or damp,Fine,No,Daylight,2013-11-28 12:18:00,2013,3,11,28,4,0.512,1,8,11,Roundabout,Approaching junction or waiting/parked at junction approach,Did not impact,Other/Not known,234,Petrol,Honda,Motorcycle,Slowing or stopping,Fatal_Serious,12.0,1,1,1
510,2010160C03901,54.016082999999995,-0.441262,Yorkshire and the Humber,Rural,A,3,60,Single carriageway,Dry,Fine,No,Daylight,2010-07-11 17:28:00,2010,2,7,11,7,0.728,4,4,3,Not at junction or within 20 metres,Not at or within 20 metres of junction,Back,Other/Not known,1896,Heavy oil,Audi,Car,Slowing or stopping,Slight,17.0,0,0,0
511,201405BB04061,53.646717,-2.9965650000000004,North West England,Urban,Unclassified,4,30,Single carriageway,Wet or damp,Raining,No,Daylight,2014-08-08 17:21:00,2014,2,8,8,5,0.723,2,3,10,Crossroads,Leaving main road,Offside,Other/Not known,1985,Petrol,Other,Car,Turning right,Slight,17.0,0,1,0
512,2011440029728,50.829644,-1.0751709999999999,South East England,Urban,A,1,30,Single carriageway,Dry,Fine,No,Daylight,2011-01-21 14:30:00,2011,4,1,21,5,0.604,2,1,25,T or staggered junction,Approaching junction or waiting/parked at junction approach,Nearside,Other/Not known,124,Petrol,Other,Motorcycle,Going ahead,Slight,14.0,0,1,1
513,201006L041663,53.549261,-2.624968,North West England,Urban,A,8,30,Single carriageway,Wet or damp,Raining,No,Daylight,2010-12-28 11:10:00,2010,4,12,28,2,0.465,2,7,3,Crossroads,Approaching junction or waiting/parked at junction approach,Back,Other/Not known,2720,Heavy oil,Other,Car,Slowing or stopping,Slight,11.0,0,1,0
514,2012520204778,51.236445,-2.578659,South West England,Rural,B,8,60,Single carriageway,Dry,Fine,No,Daylight,2012-07-08 18:00:00,2012,2,7,8,7,0.75,2,4,9,Crossroads,Approaching junction or waiting/parked at junction approach,Front,Other/Not known,1124,Petrol,Peugeot,Car,Going ahead,Slight,18.0,0,0,0
515,2014554D10159,50.700745,-2.4125970000000003,South West England,Rural,A,7,60,Single carriageway,Dry,Fine,No,Daylight,2014-03-12 16:30:00,2014,4,3,12,3,0.688,2,4,6,T or staggered junction,Mid Junction - on roundabout or on main road,Nearside,Journey as part of work,2998,Heavy oil,Other,Van,Turning right,Slight,17.0,0,1,0
516,2010130005846,53.807678,-1.6075700000000002,Yorkshire and the Humber,Urban,Unclassified,9,30,Single carriageway,Dry,Fine,No,Daylight,2010-08-30 17:00:00,2010,2,8,30,1,0.708,2,6,5,T or staggered junction,Entering main road,Front,Other/Not known,2987,Heavy oil,Mercedes,Car,Turning right,Fatal_Serious,17.0,1,1,0
517,2011471100878,50.913145,0.564318,South East England,Rural,C,4,60,Single carriageway,Wet or damp,Raining,No,Daylight,2011-02-10 09:00:00,2011,4,2,10,4,0.375,2,6,5,Not at junction or within 20 metres,Not at or within 20 metres of junction,Front,Commuting to/from work,2184,Heavy oil,Nissan,Car,Going ahead,Slight,9.0,0,1,0
518,201331A006113,53.031889,-1.228326,East Midlands,Urban,Unclassified,5,30,Single carriageway,Snow,Other,No,Darkness - lights,2013-01-20 00:30:00,2013,4,1,20,7,0.021,1,4,2,Not at junction or within 20 metres,Not at or within 20 metres of junction,Nearside,Journey as part of work,2198,Heavy oil,Ford,Bus/minibus,Moving off,Slight,1.0,0,0,0
519,20103102B0766,53.288268,-0.916741,East Midlands,Rural,C,1,60,Single carriageway,Dry,Fine,No,Daylight,2010-04-17 14:00:00,2010,1,4,17,6,0.583,1,2,5,Not at junction or within 20 metres,Not at or within 20 metres of junction,Front,Other/Not known,1796,Petrol,Vauxhall,Car,Going ahead,Slight,14.0,0,0,0
520,201101YR90152,51.589148,-0.070408,London,Urban,A,1,30,Single carriageway,Dry,Fine,No,Daylight,2011-04-04 13:00:00,2011,1,4,4,1,0.542,2,4,18,T or staggered junction,Mid Junction - on roundabout or on main road,Back,Other/Not known,1360,Heavy oil,Peugeot,Car,Going ahead,Slight,13.0,0,1,0
521,201001GD10624,51.538342,-0.043429,London,Urban,A,3,30,Single carriageway,Dry,Fine,No,Darkness - lights,2010-09-28 19:15:00,2010,3,9,28,2,0.802,2,5,4,T or staggered junction,Approaching junction or waiting/parked at junction approach,Nearside,Other/Not known,124,Petrol,Honda,Motorcycle,Overtaking,Slight,19.0,0,1,1
522,201120M008081,52.453975,-1.552019,Wast Midlands,Urban,B,7,40,Single carriageway,Dry,Fine,No,Daylight,2011-06-07 08:43:00,2011,1,6,7,2,0.363,1,5,7,Not at junction or within 20 metres,Not at or within 20 metres of junction,Front,Commuting to/from work,1149,Petrol,Renault,Car,Going ahead,Slight,9.0,0,1,0
523,201306E073316,53.459188,-2.220159,North West England,Urban,A,5,30,Single carriageway,Dry,Fine,No,Daylight,2013-05-19 07:36:00,2013,1,5,19,7,0.317,2,3,10,Crossroads,Mid Junction - on roundabout or on main road,Front,Other/Not known,1995,Heavy oil,Toyota,Car,Going ahead,Slight,8.0,0,0,0
524,201101RG40724,51.486568,0.01874,London,Urban,A,5,30,Single carriageway,Wet or damp,Fine,No,Darkness - lights,2011-12-02 20:00:00,2011,3,12,2,5,0.833,2,4,5,T or staggered junction,Approaching junction or waiting/parked at junction approach,Back,Other/Not known,2000,Heavy oil,Volkswagen,Car,Slowing or stopping,Slight,20.0,0,1,0
525,2011211006587,53.08360699999999,-2.274074,Wast Midlands,Rural,A,9,60,Single carriageway,Dry,Fine,No,Daylight,2011-11-23 14:24:00,2011,3,11,23,3,0.6,3,3,7,Private drive or entrance,Approaching junction or waiting/parked at junction approach,Back,Other/Not known,1753,Heavy oil,Ford,Car,Waiting to go,Slight,14.0,0,1,0
526,2013213004795,52.731297,-1.8916990000000002,Wast Midlands,Rural,A,3,60,Single carriageway,Wet or damp,Raining,No,Daylight,2013-09-13 17:50:00,2013,2,9,13,5,0.743,2,3,11,T or staggered junction,Cleared junction or waiting/parked at junction exit,Front,Other/Not known,1397,Petrol,Skoda,Car,Moving off,Slight,18.0,0,1,0
527,201250AI3L001,50.201584000000004,-5.523397,South West England,Rural,B,4,60,Single carriageway,Dry,Unknown,No,Darkness - no lights,2012-05-23 22:00:00,2012,1,5,23,3,0.917,1,2,9,Not at junction or within 20 metres,Not at or within 20 metres of junction,Front,Other/Not known,2461,Heavy oil,Volkswagen,Van,Going ahead,Slight,22.0,0,1,0
528,2013547836413,51.443222999999996,-2.006774,South West England,Urban,C,9,30,Single carriageway,Dry,Fine,No,Daylight,2013-08-17 11:50:00,2013,2,8,17,6,0.493,2,6,13,T or staggered junction,Approaching junction or waiting/parked at junction approach,Offside,Other/Not known,1783,Petrol,Renault,Car,Going ahead,Slight,12.0,0,0,0
529,201343R074093,51.432505,-0.780787,South East England,Urban,B,10,30,Single carriageway,Dry,Fine,No,Daylight,2013-09-06 16:55:00,2013,2,9,6,5,0.705,2,5,3,T or staggered junction,Leaving main road,Offside,Commuting to/from work,1598,Heavy oil,Volkswagen,Car,Turning right,Fatal_Serious,17.0,1,1,0
530,201132C107211,53.13650500000001,0.271529,East Midlands,Rural,C,5,60,Single carriageway,Dry,Fine,No,Daylight,2011-04-22 14:45:00,2011,1,4,22,5,0.615,2,6,9,T or staggered junction,Cleared junction or waiting/parked at junction exit,Offside,Other/Not known,1998,Heavy oil,Ford,Car,Going ahead,Slight,15.0,0,1,0
531,2011521100268,51.44603,-2.617566,South West England,Urban,Unclassified,5,30,Single carriageway,Wet or damp,Fine,No,Darkness - lights,2011-01-07 18:05:00,2011,4,1,7,5,0.753,1,4,14,T or staggered junction,Mid Junction - on roundabout or on main road,Front,Other/Not known,1124,Petrol,Peugeot,Car,Going ahead,Fatal_Serious,18.0,1,1,0
532,2011100693611,54.97480899999999,-1.6197059999999999,North East England,Urban,Unclassified,1,30,Single carriageway,Dry,Fine,No,Daylight,2011-11-13 10:40:00,2011,3,11,13,7,0.444,2,6,2,T or staggered junction,Mid Junction - on roundabout or on main road,Front,Other/Not known,1461,Heavy oil,Nissan,Car,Going ahead,Slight,11.0,0,0,0
533,201201QK50565,51.575989,-0.294952,London,Urban,C,7,30,Roundabout,Dry,Fine,No,Daylight,2012-09-18 15:55:00,2012,2,9,18,2,0.663,2,4,10,Roundabout,Mid Junction - on roundabout or on main road,Front,Other/Not known,2597,Petrol,Mercedes,Car,Changing lane,Slight,16.0,0,1,0
534,2011100341111,54.958734,-1.723396,North East England,Urban,Unclassified,4,30,Single carriageway,Dry,Fine,No,Daylight,2011-06-15 15:45:00,2011,1,6,15,3,0.656,2,2,8,Not at junction or within 20 metres,Not at or within 20 metres of junction,Front,Other/Not known,1149,Petrol,Renault,Car,Going ahead,Fatal_Serious,16.0,1,1,0
535,201230C001713,53.222522999999995,-1.4120840000000001,East Midlands,Urban,Unclassified,3,30,Single carriageway,Dry,Fine,No,Darkness - lights,2012-09-20 22:00:00,2012,2,9,20,4,0.917,1,1,12,T or staggered junction,Cleared junction or waiting/parked at junction exit,Front,Other/Not known,1341,Petrol,Hyundai,Car,Turning left,Slight,22.0,0,1,0
536,201001QK50427,51.538410999999996,-0.27717800000000004,London,Urban,C,9,30,Dual carriageway,Dry,Fine,No,Darkness - lights,2010-07-02 22:06:00,2010,2,7,2,5,0.921,2,5,6,Not at junction or within 20 metres,Not at or within 20 metres of junction,Nearside,Other/Not known,1995,Heavy oil,Vauxhall,Car,Going ahead,Slight,22.0,0,1,0