,Accident_Index,Latitude,Longitude,Region,Urban_or_Rural_Area,X1st_Road_Class,Driver_IMD_Decile,Speed_limit,Road_Type,Road_Surface_Conditions,Weather,High_Wind,Lights,Datetime,Year,Season,Month_of_Year,Day_of_Month,Day_of_Week,Hour_of_Day,Number_of_Vehicles,Age_of_Driver,Age_of_Vehicle,Junction_Detail,Junction_Location,X1st_Point_of_Impact,Driver_Journey_Purpose,Engine_CC,Propulsion_Code,Vehicle_Make,Vehicle_Category,Vehicle_Manoeuvre,Accident_Severity,Hour_of_Day_dn,IsMajor,WeekDay_type,isMotorcycle
923,201343P068113,52.057703000000004,-1.353623,South East England,Urban,Unclassified,6,30,Dual carriageway,Wet or damp,Fine,No,Daylight,2013-11-02 08:44:00,2013,3,11,2,6,0.364,2,4,11,T or staggered junction,Entering main road,Nearside,Commuting to/from work,1870,Heavy oil,Volvo,Car,Turning right,Slight,9.0,0,0,0
924,2011130471480,53.884758999999995,-1.624039,Yorkshire and the Humber,Rural,Unclassified,1,30,Single carriageway,Dry,Fine,No,Daylight,2011-10-14 11:55:00,2011,3,10,14,5,0.497,2,7,8,T or staggered junction,Entering main road,Front,Other/Not known,1242,Petrol,Fiat,Car,Waiting to go,Slight,12.0,0,1,0
925,201220W024752,52.482192000000005,-1.8899700000000001,Wast Midlands,Urban,B,1,20,Dual carriageway,Wet or damp,Raining,No,Daylight,2012-05-03 14:30:00,2012,1,5,3,4,0.604,2,3,7,Crossroads,Mid Junction - on roundabout or on main road,Offside,Other/Not known,1995,Heavy oil,BMW,Car,Going ahead,Slight,14.0,0,1,0
926,2012370390712,51.999178,0.7613,East England,Rural,B,7,60,Single carriageway,Wet or damp,Fine,No,Daylight,2012-09-24 18:25:00,2012,3,9,24,1,0.767,3,6,4,Not at junction or within 20 metres,Not at or within 20 metres of junction,Offside,Other/Not known,1999,Petrol,Ford,Car,Going ahead,Slight,18.0,0,1,0
927,2011551C47077,50.728615999999995,-1.937768,South West England,Urban,B,5,30,Single carriageway,Dry,Fine,No,Daylight,2011-10-11 12:00:00,2011,3,10,11,2,0.5,2,3,13,Not at junction or within 20 metres,Not at or within 20 metres of junction,Front,Other/Not known,973,Petrol,Vauxhall,Car,Going ahead,Slight,12.0,0,1,0
928,201432B098114,52.784488,-0.153331,East Midlands,Urban,Unclassified,5,30,Single carriageway,Dry,Fine,No,Daylight,2014-03-13 16:10:00,2014,4,3,13,4,0.674,2,7,11,Private drive or entrance,Entering main road,Front,Commuting to/from work,1339,Petrol,Honda,Car,Going ahead,Slight,16.0,0,1,0
929,201204EN12069,53.866689,-2.393751,North West England,Urban,A,7,30,Single carriageway,Dry,Fine,No,Daylight,2012-07-23 12:05:00,2012,2,7,23,1,0.503,2,4,4,T or staggered junction,Mid Junction - on roundabout or on main road,Nearside,Other/Not known,996,Petrol,Suzuki,Motorcycle,Going ahead,Slight,12.0,0,1,1
930,2014131341445,53.607046,-1.2844719999999998,Yorkshire and the Humber,Rural,A,5,50,Single carriageway,Dry,Fine,No,Darkness - lights,2014-03-04 19:35:00,2014,4,3,4,2,0.816,2,4,4,T or staggered junction,Entering main road,Offside,Other/Not known,1386,Petrol,Nissan,Car,Turning left,Slight,20.0,0,1,0
931,201350GA2F006,50.310803,-4.801861,South West England,Rural,B,3,60,Single carriageway,Dry,Fine,No,Darkness - no lights,2013-05-19 02:00:00,2013,1,5,19,7,0.083,1,5,9,Not at junction or within 20 metres,Not at or within 20 metres of junction,Front,Other/Not known,1997,Heavy oil,Peugeot,Van,Going ahead,Slight,2.0,0,0,0
932,2012070082707,53.081687,-2.503818,North West England,Rural,A,10,60,Single carriageway,Dry,Fine,No,Daylight,2012-03-25 16:11:00,2012,1,3,25,7,0.674,3,5,5,Not at junction or within 20 metres,Not at or within 20 metres of junction,Back,Other/Not known,1968,Heavy oil,Volkswagen,Car,Waiting to go,Slight,16.0,0,0,0
933,2010070090148,53.195702000000004,-2.103848,North West England,Rural,A,6,50,Single carriageway,Wet or damp,Fine,No,Daylight,2010-04-01 08:55:00,2010,1,4,1,4,0.372,1,4,13,Not at junction or within 20 metres,Not at or within 20 metres of junction,Front,Journey as part of work,2799,Petrol,Mercedes,Car,Going ahead,Slight,9.0,0,1,0
934,2010070356791,53.406136,-2.5944380000000002,North West England,Urban,A,1,40,Dual carriageway,Dry,Fine,No,Daylight,2010-12-07 09:15:00,2010,3,12,7,2,0.385,2,7,3,Not at junction or within 20 metres,Not at or within 20 metres of junction,Front,Other/Not known,1242,Petrol,Ford,Car,Going ahead,Fatal_Serious,9.0,1,1,0
935,201101CP00067,51.510917,-0.10383599999999998,London,Urban,A,2,30,Dual carriageway,Wet or damp,Fine,No,Darkness - lights,2011-02-23 18:11:00,2011,4,2,23,3,0.758,2,5,11,Not at junction or within 20 metres,Not at or within 20 metres of junction,Front,Other/Not known,1998,Petrol,Toyota,Car,Slowing or stopping,Slight,18.0,0,1,0
936,2013331301513,52.460703,-1.206516,East Midlands,Rural,C,8,40,Single carriageway,Dry,Fine,No,Daylight,2013-08-30 08:37:00,2013,2,8,30,5,0.359,2,5,4,Not at junction or within 20 metres,Not at or within 20 metres of junction,Nearside,Journey as part of work,1796,Petrol,Vauxhall,Car,Overtaking,Slight,9.0,0,1,0
937,2010100832810,55.049085999999996,-1.6672099999999999,North East England,Rural,Unclassified,1,60,Single carriageway,Frost or ice,Fine,No,Daylight,2010-12-16 15:24:00,2010,3,12,16,4,0.642,1,6,5,Not at junction or within 20 metres,Not at or within 20 metres of junction,Nearside,Other/Not known,1997,Heavy oil,Citroen,Car,Going ahead,Fatal_Serious,15.0,1,1,0
938,201101WW50156,51.452815,-0.188574,London,Urban,Unclassified,2,30,Single carriageway,Dry,Fine,No,Daylight,2011-03-16 11:48:00,2011,4,3,16,3,0.492,2,4,12,Private drive or entrance,Mid Junction - on roundabout or on main road,Front,Journey as part of work,1275,Petrol,Nissan,Car,Going ahead,Slight,12.0,0,1,0
939,2014548977514,51.585076,-1.775357,South West England,Urban,A,7,30,Roundabout,Dry,Fine,No,Daylight,2014-10-05 18:40:00,2014,3,10,5,7,0.778,2,3,10,Roundabout,Mid Junction - on roundabout or on main road,Front,Other/Not known,1343,Petrol,Kia,Car,U-turn,Slight,19.0,0,0,0
940,2013450011642,51.213968,-0.799497,South East England,Urban,A,10,30,One way street,Dry,Unknown,No,Darkness - lights,2013-12-11 20:06:00,2013,3,12,11,3,0.838,2,1,12,Other junction,Approaching junction or waiting/parked at junction approach,Nearside,Other/Not known,1149,Petrol,Renault,Car,Changing lane,Slight,20.0,0,1,0
941,2012460222690,51.377821999999995,0.508441,South East England,Urban,Unclassified,3,30,Roundabout,Dry,Fine,No,Darkness - lights,2012-12-18 19:09:00,2012,3,12,18,2,0.798,1,1,6,Roundabout,Mid Junction - on roundabout or on main road,Nearside,Other/Not known,100,Petrol,Peugeot,Motorcycle,Going ahead,Slight,19.0,0,1,1
942,2010460182244,51.423384999999996,0.46346400000000004,South East England,Rural,Unclassified,8,30,Single carriageway,Dry,Fine,No,Daylight,2010-01-20 15:32:00,2010,4,1,20,3,0.647,1,4,7,T or staggered junction,Approaching junction or waiting/parked at junction approach,Offside,Taking pupil to/from school,1995,Heavy oil,Toyota,Car,Going ahead,Slight,16.0,0,1,0
943,201204FA12076,53.789151000000004,-2.22085,North West England,Urban,Unclassified,3,30,Single carriageway,Dry,Fine,No,Daylight,2012-08-05 15:04:00,2012,2,8,5,7,0.628,2,3,8,Not at junction or within 20 metres,Not at or within 20 metres of junction,Front,Other/Not known,599,Petrol,Yamaha,Motorcycle,Overtaking,Fatal_Serious,15.0,1,0,1
944,2013120101390,53.995748,-1.515133,Yorkshire and the Humber,Urban,A,6,30,Single carriageway,Dry,Fine,No,Daylight,2013-06-20 16:20:00,2013,2,6,20,4,0.681,2,6,8,T or staggered junction,Mid Junction - on roundabout or on main road,Offside,Other/Not known,1497,Petrol,Nissan,Car,Turning right,Slight,16.0,0,1,0
945,201304EL13124,53.778686,-2.412716,North West England,Rural,B,3,50,Single carriageway,Dry,Fine,No,Darkness - lights,2013-09-15 05:14:00,2013,2,9,15,7,0.218,1,2,12,Not at junction or within 20 metres,Not at or within 20 metres of junction,Nearside,Other/Not known,1199,Petrol,Vauxhall,Car,Going ahead,Fatal_Serious,5.0,1,0,0
946,201320W043883,52.509648,-1.940441,Wast Midlands,Urban,A,1,30,Single carriageway,Dry,Fine,No,Daylight,2013-09-02 12:23:00,2013,2,9,2,1,0.516,1,4,10,Not at junction or within 20 metres,Not at or within 20 metres of junction,Did not impact,Journey as part of work,1896,Heavy oil,Seat,Van,Moving off,Slight,12.0,0,1,0
947,2012130194355,53.816343999999994,-1.519089,Yorkshire and the Humber,Urban,Unclassified,1,30,Single carriageway,Dry,Fine,No,Darkness - lighting unknown,2012-05-03 18:22:00,2012,1,5,3,4,0.765,1,2,8,Crossroads,Approaching junction or waiting/parked at junction approach,Front,Other/Not known,1686,Heavy oil,Vauxhall,Car,Going ahead,Slight,18.0,0,1,0
948,201411SA24354,54.626158999999994,-1.725023,North East England,Rural,A,2,60,Single carriageway,Dry,Fine,No,Daylight,2014-10-15 07:45:00,2014,3,10,15,3,0.323,2,2,4,T or staggered junction,Approaching junction or waiting/parked at junction approach,Nearside,Journey as part of work,2198,Heavy oil,Ford,Van,Overtaking,Slight,8.0,0,1,0
949,201143W149091,51.458346999999996,-0.8931049999999999,South East England,Urban,Unclassified,10,30,Single carriageway,Dry,Fine,No,Darkness - lights,2011-09-06 20:43:00,2011,2,9,6,2,0.863,2,5,11,T or staggered junction,Entering main road,Front,Other/Not known,1396,Petrol,Honda,Car,Turning right,Slight,21.0,0,1,0
950,2014460236841,51.076302,1.165737,South East England,Urban,A,7,30,Single carriageway,Wet or damp,Fine,No,Daylight,2014-01-10 07:35:00,2014,4,1,10,5,0.316,2,4,10,Crossroads,Mid Junction - on roundabout or on main road,Front,Commuting to/from work,955,Petrol,Other,Motorcycle,Going ahead,Fatal_Serious,8.0,1,1,1
951,201145TA58811,51.146214,-0.25150500000000003,South East England,Rural,Unclassified,6,40,Single carriageway,Frost or ice,Fine,No,Daylight,2011-03-03 07:25:00,2011,4,3,3,4,0.309,1,4,8,Not at junction or within 20 metres,Not at or within 20 metres of junction,Front,Commuting to/from work,1360,Petrol,Citroen,Car,Going ahead,Slight,7.0,0,1,0
952,2011070275507,53.263551,-2.123052,North West England,Urban,A,7,30,Roundabout,Dry,Fine,No,Daylight,2011-09-28 09:05:00,2011,3,9,28,3,0.378,2,5,15,Roundabout,Entering roundabout,Back,Other/Not known,1119,Petrol,Ford,Car,Waiting to go,Slight,9.0,0,1,0
953,20134100T2086,51.866331,-0.19727999999999998,East England,Rural,A(M),4,70,Dual carriageway,Dry,Fine,No,Daylight,2013-08-11 14:19:00,2013,2,8,11,7,0.597,3,6,12,Not at junction or within 20 metres,Not at or within 20 metres of junction,Back,Journey as part of work,2198,Petrol,Vauxhall,Car,Going ahead,Slight,14.0,0,0,0
954,2012070070092,53.140741000000006,-2.25007,North West England,Rural,A,7,60,Single carriageway,Dry,Fine,No,Daylight,2012-03-13 14:35:00,2012,4,3,13,2,0.608,2,8,5,T or staggered junction,Entering main road,Offside,Other/Not known,1198,Petrol,Volkswagen,Car,Turning right,Slight,15.0,0,1,0
955,201001ZD30408,51.406287,-0.084587,London,Urban,A,10,30,Single carriageway,Dry,Fine,No,Daylight,2010-05-22 10:10:00,2010,1,5,22,6,0.424,3,2,7,T or staggered junction,Approaching junction or waiting/parked at junction approach,Back,Other/Not known,1390,Petrol,Volkswagen,Car,Slowing or stopping,Slight,10.0,0,0,0
956,2014440200860,50.848627,-1.123975,South East England,Urban,Unclassified,8,30,Single carriageway,Dry,Fine,No,Daylight,2014-06-07 18:20:00,2014,1,6,7,6,0.764,2,1,8,T or staggered junction,Approaching junction or waiting/parked at junction approach,Front,Other/Not known,1396,Petrol,Other,Car,Going ahead,Fatal_Serious,18.0,1,0,0
957,2013130191219,53.674144999999996,-1.500608,Yorkshire and the Humber,Urban,Unclassified,9,30,Single carriageway,Dry,Fine,No,Darkness - lighting unknown,2013-05-08 18:15:00,2013,1,5,8,3,0.76,1,1,3,Not at junction or within 20 metres,Not at or within 20 metres of junction,Offside,Other/Not known,1560,Heavy oil,Ford,Car,Going ahead,Slight,18.0,0,1,0
958,2014074333537,53.393832999999994,-2.593982,North West England,Urban,C,3,30,Single carriageway,Wet or damp,Fine,No,Darkness - lights,2014-11-09 16:27:00,2014,3,11,9,7,0.685,2,2,3,Crossroads,Mid Junction - on roundabout or on main road,Offside,Other/Not known,1229,Petrol,Vauxhall,Car,Going ahead,Slight,16.0,0,0,0
959,2010460181622,51.345202,0.705129,South East England,Urban,A,6,30,Single carriageway,Snow,Snowing,No,Daylight,2010-01-06 14:54:00,2010,4,1,6,3,0.621,3,1,14,Other junction,Approaching junction or waiting/parked at junction approach,Front,Other/Not known,1870,Heavy oil,Renault,Car,Going ahead,Slight,15.0,0,1,0
960,2010471003553,50.81951,-0.136812,South East England,Urban,A,4,30,Roundabout,Dry,Fine,No,Daylight,2010-06-02 11:30:00,2010,1,6,2,3,0.479,2,4,4,Roundabout,Leaving roundabout,Offside,Other/Not known,1261,Petrol,Honda,Motorcycle,Moving off,Slight,11.0,0,1,1
961,2012070305288,53.160918,-2.9075290000000003,North West England,Rural,Unclassified,10,30,Dual carriageway,Dry,Fine,No,Daylight,2012-10-23 17:25:00,2012,3,10,23,2,0.726,2,2,4,Roundabout,Approaching junction or waiting/parked at junction approach,Offside,Commuting to/from work,1364,Petrol,Vauxhall,Car,Moving off,Slight,17.0,0,1,0
962,201422G404816,52.657526000000004,-2.393222,Wast Midlands,Rural,A,10,60,Single carriageway,Dry,Fine,No,Darkness - no lights,2014-12-16 17:30:00,2014,3,12,16,2,0.729,2,3,8,T or staggered junction,Mid Junction - on roundabout or on main road,Front,Other/Not known,124,Petrol,Other,Motorcycle,Going ahead,Fatal_Serious,17.0,1,1,1
963,2012460216653,51.294578,1.110011,South East England,Urban,A,7,40,Single carriageway,Dry,Fine,No,Daylight,2012-07-26 15:02:00,2012,2,7,26,4,0.626,3,5,9,Not at junction or within 20 metres,Not at or within 20 metres of junction,Back,Other/Not known,1984,Petrol,Volkswagen,Car,Slowing or stopping,Slight,15.0,0,1,0
964,2011370511511,52.066539,1.138301,East England,Urban,A,8,30,Single carriageway,Wet or damp,Raining,No,Darkness - lights,2011-12-12 20:50:00,2011,3,12,12,1,0.868,2,6,9,T or staggered junction,Mid Junction - on roundabout or on main road,Front,Other/Not known,1590,Petrol,Honda,Car,Going ahead,Slight,21.0,0,1,0
965,201450KU2R008,50.862401,-3.3880809999999997,South West England,Rural,Unclassified,10,30,Roundabout,Dry,Fine,No,Daylight,2014-05-18 10:52:00,2014,1,5,18,7,0.453,1,5,16,Roundabout,Entering roundabout,Offside,Other/Not known,1180,Petrol,Other,Motorcycle,Going ahead,Slight,11.0,0,0,1
966,201045WO48832,51.321826,-0.56043,South East England,Urban,C,9,30,Single carriageway,Dry,Fine,No,Daylight,2010-02-18 10:50:00,2010,4,2,18,4,0.451,2,4,7,Not at junction or within 20 metres,Not at or within 20 metres of junction,Front,Other/Not known,1997,Heavy oil,Citroen,Car,Going ahead,Fatal_Serious,11.0,1,1,0
967,2012130530862,53.742254,-2.024225,Yorkshire and the Humber,Rural,Unclassified,6,30,Single carriageway,Wet or damp,Snowing,No,Darkness - lights,2012-12-06 16:30:00,2012,3,12,6,4,0.688,1,6,7,T or staggered junction,Cleared junction or waiting/parked at junction exit,Front,Other/Not known,1229,Petrol,Vauxhall,Car,Turning right,Fatal_Serious,17.0,1,1,0
968,2011360062814,52.7427,0.380629,East England,Rural,A,9,40,Roundabout,Dry,Fine,No,Daylight,2011-09-25 12:25:00,2011,3,9,25,7,0.517,2,5,1,Roundabout,Approaching junction or waiting/parked at junction approach,Back,Other/Not known,1585,Petrol,Other,Motorcycle,Waiting to go,Fatal_Serious,12.0,1,0,1
969,201101JC30265,51.573523,-0.017817,London,Urban,Unclassified,4,30,Single carriageway,Wet or damp,Raining,No,Daylight,2011-06-24 19:40:00,2011,2,6,24,5,0.819,2,4,9,T or staggered junction,Mid Junction - on roundabout or on main road,Did not impact,Other/Not known,1998,Petrol,Toyota,Car,Turning left,Slight,20.0,0,1,0
970,2011350745311,52.194875,0.13277,East England,Urban,Unclassified,8,30,Single carriageway,Dry,Fine,No,Daylight,2011-07-14 12:50:00,2011,2,7,14,4,0.535,1,4,17,Not at junction or within 20 metres,Not at or within 20 metres of junction,Front,Other/Not known,1988,Petrol,Ford,Car,Going ahead,Slight,13.0,0,1,0
971,2010360059514,52.753822,0.448223,East England,Rural,A,2,60,Roundabout,Dry,Fine,No,Daylight,2010-12-25 12:20:00,2010,4,12,25,6,0.514,2,3,6,Roundabout,Entering roundabout,Offside,Other/Not known,2204,Heavy oil,Honda,Car,Moving off,Slight,12.0,0,0,0
973,201005BB02306,53.647724,-2.970143,North West England,Urban,Unclassified,9,30,Single carriageway,Dry,Fine,No,Daylight,2010-03-18 12:30:00,2010,4,3,18,4,0.521,4,2,1,Crossroads,Mid Junction - on roundabout or on main road,Front,Other/Not known,1596,Petrol,Ford,Car,Going ahead,Slight,13.0,0,1,0
974,2010471008778,51.025927,0.060408,South East England,Rural,A,8,30,Single carriageway,Wet or damp,Fog or mist,No,Daylight,2010-12-28 13:00:00,2010,4,12,28,2,0.542,2,2,7,Not at junction or within 20 metres,Not at or within 20 metres of junction,Back,Other/Not known,2099,Petrol,Other,Car,Waiting to go,Slight,13.0,0,1,0
975,201305EE02458,53.405653,-2.924779,North West England,Urban,Unclassified,1,30,Single carriageway,Dry,Fine,No,Daylight,2013-05-02 17:18:00,2013,1,5,2,4,0.721,2,6,8,T or staggered junction,Approaching junction or waiting/parked at junction approach,Front,Journey as part of work,2402,Heavy oil,Other,Taxi,Going ahead,Slight,17.0,0,1,0
976,201043W173120,51.404463,-0.8084319999999999,South East England,Rural,Unclassified,9,60,Single carriageway,Frost or ice,Other,No,Darkness - no lights,2010-12-17 16:16:00,2010,3,12,17,5,0.678,1,2,14,Not at junction or within 20 metres,Not at or within 20 metres of junction,Front,Commuting to/from work,1341,Petrol,Hyundai,Car,Going ahead,Slight,16.0,0,1,0
977,201450FP2C009,50.436779,-3.5676879999999995,South West England,Urban,A,4,30,One way street,Dry,Fine,No,Daylight,2014-02-28 10:31:00,2014,4,2,28,5,0.438,3,7,5,Not at junction or within 20 metres,Not at or within 20 metres of junction,Nearside,Other/Not known,1596,Petrol,Ford,Car,Parked,Slight,11.0,0,1,0
978,2011231195647,52.52579300000001,-1.443099,Wast Midlands,Urban,Unclassified,10,30,Single carriageway,Dry,Fine,No,Daylight,2011-05-25 16:40:00,2011,1,5,25,3,0.694,2,8,1,Not at junction or within 20 metres,Not at or within 20 metres of junction,Front,Other/Not known,1398,Petrol,Vauxhall,Car,Going ahead,Slight,17.0,0,1,0
979,201301KG70379,51.555559,0.139656,London,Urban,Unclassified,2,30,Single carriageway,Dry,Fine,No,Daylight,2013-10-19 10:07:00,2013,3,10,19,6,0.422,2,6,10,Crossroads,Approaching junction or waiting/parked at junction approach,Offside,Other/Not known,1896,Heavy oil,Volkswagen,Car,Going ahead,Slight,10.0,0,0,0
980,2010521007157,51.452425,-2.59808,South West England,Urban,A,7,30,Dual carriageway,Dry,Fine,No,Darkness - no lights,2010-09-04 19:30:00,2010,2,9,4,6,0.812,2,5,6,T or staggered junction,Cleared junction or waiting/parked at junction exit,Front,Other/Not known,1598,Petrol,Mini,Car,Going ahead,Slight,19.0,0,0,0
981,201401CP00333,51.510894,-0.102396,London,Rural,A,8,30,One way street,Dry,Fine,No,Daylight,2014-09-03 19:05:00,2014,2,9,3,3,0.795,2,6,6,T or staggered junction,Approaching junction or waiting/parked at junction approach,Front,Other/Not known,1390,Petrol,Volkswagen,Car,Moving off,Slight,19.0,0,1,0
982,2013100045513,54.981811,-1.696612,North East England,Urban,A,2,70,Dual carriageway,Dry,Fine,No,Daylight,2013-02-01 15:19:00,2013,4,2,1,5,0.638,2,4,12,Slip road,Approaching junction or waiting/parked at junction approach,Front,Other/Not known,1587,Petrol,Citroen,Car,Going ahead,Slight,15.0,0,1,0
983,2013160C00121,53.754301,-0.435425,Yorkshire and the Humber,Urban,B,7,30,Roundabout,Dry,Fine,No,Darkness - lights,2013-01-06 23:35:00,2013,4,1,6,7,0.983,1,1,11,Roundabout,Leaving roundabout,Front,Other/Not known,125,Petrol,Honda,Motorcycle,Going ahead,Fatal_Serious,0.0,1,0,1
984,201106K053499,53.568767,-2.460544,North West England,Urban,A,2,30,Single carriageway,Dry,Fine,No,Daylight,2011-11-12 12:10:00,2011,3,11,12,6,0.507,3,3,8,T or staggered junction,Entering main road,Front,Other/Not known,1870,Heavy oil,Renault,Car,Turning right,Slight,12.0,0,0,0
985,201332E495013,53.359564,-0.143253,East Midlands,Rural,A,5,60,Single carriageway,Frost or ice,Other,No,Darkness - no lights,2013-12-25 06:51:00,2013,4,12,25,3,0.285,1,3,6,Not at junction or within 20 metres,Not at or within 20 metres of junction,Back,Journey as part of work,1368,Petrol,Fiat,Car,Going ahead,Slight,7.0,0,1,0
986,201450JH2E003,50.351843,-3.6289620000000005,South West England,Rural,A,7,60,Single carriageway,Wet or damp,Raining,No,Daylight,2014-11-17 09:40:00,2014,3,11,17,1,0.403,3,5,14,Not at junction or within 20 metres,Not at or within 20 metres of junction,Offside,Journey as part of work,2446,Heavy oil,Toyota,Car,Going ahead,Slight,10.0,0,1,0
987,2011360064109,52.889887,0.499148,East England,Rural,A,6,60,Single carriageway,Wet or damp,Other,No,Darkness - no lights,2011-12-24 17:50:00,2011,4,12,24,6,0.743,2,3,4,Not at junction or within 20 metres,Not at or within 20 metres of junction,Front,Other/Not known,998,Petrol,Vauxhall,Car,Going ahead,Slight,18.0,0,0,0
988,201001YR90049,51.577111,-0.098773,London,Urban,A,3,30,Single carriageway,Dry,Fine,No,Darkness - lights,2010-01-29 19:20:00,2010,4,1,29,5,0.806,1,3,3,Not at junction or within 20 metres,Not at or within 20 metres of junction,Front,Commuting to/from work,125,Petrol,Honda,Motorcycle,Overtaking,Fatal_Serious,19.0,1,1,1
989,2010520003990,51.001994,-2.974222,South West England,Rural,A,7,40,Single carriageway,Wet or damp,Fine,No,Daylight,2010-05-08 06:10:00,2010,1,5,8,6,0.257,1,1,15,Not at junction or within 20 metres,Not at or within 20 metres of junction,Front,Other/Not known,1493,Petrol,Honda,Car,Going ahead,Slight,6.0,0,0,0
990,201150AH2N002,50.037295,-5.115137,South West England,Rural,B,5,60,Single carriageway,Dry,Fine,No,Daylight,2011-06-06 20:03:00,2011,1,6,6,1,0.835,2,4,6,T or staggered junction,Approaching junction or waiting/parked at junction approach,Nearside,Other/Not known,1598,Petrol,Renault,Car,Turning right,Fatal_Serious,20.0,1,1,0
991,2010130003864,53.783879000000006,-1.378464,Yorkshire and the Humber,Urban,Unclassified,10,30,Single carriageway,Dry,Fine,No,Daylight,2010-05-26 11:40:00,2010,1,5,26,3,0.486,2,4,11,T or staggered junction,Approaching junction or waiting/parked at junction approach,Front,Other/Not known,1686,Heavy oil,Vauxhall,Car,Waiting to go,Slight,12.0,0,1,0
992,2011370407611,52.318587,1.519522,East England,Rural,A,5,60,Single carriageway,Wet or damp,Raining,No,Daylight,2011-10-13 12:15:00,2011,3,10,13,4,0.51,1,2,7,Not at junction or within 20 metres,Not at or within 20 metres of junction,Nearside,Commuting to/from work,1396,Petrol,Other,Car,Going ahead,Fatal_Serious,12.0,1,1,0
993,201150EC2J070,50.369363,-4.110519999999999,South West England,Rural,Unclassified,8,30,Dual carriageway,Wet or damp,Fine,No,Daylight,2011-12-06 08:16:00,2011,3,12,6,2,0.344,3,3,6,Crossroads,Approaching junction or waiting/parked at junction approach,Did not impact,Other/Not known,1910,Heavy oil,Vauxhall,Car,Going ahead,Slight,8.0,0,1,0
994,201231B230012,53.038631,-0.776142,East Midlands,Rural,A,3,70,Dual carriageway,Dry,Fine,No,Darkness - no lights,2012-10-27 17:00:00,2012,3,10,27,6,0.708,1,3,11,Not at junction or within 20 metres,Not at or within 20 metres of junction,Front,Other/Not known,2497,Heavy oil,BMW,Car,Going ahead,Fatal_Serious,17.0,1,0,0
995,2012130183284,53.586406999999994,-1.298129,Yorkshire and the Humber,Urban,Unclassified,1,30,Single carriageway,Wet or damp,Raining,No,Daylight,2012-04-25 13:30:00,2012,1,4,25,3,0.562,2,2,10,T or staggered junction,Approaching junction or waiting/parked at junction approach,Front,Other/Not known,1896,Heavy oil,Audi,Car,Going ahead,Slight,13.0,0,1,0
996,2012170M30272,54.526377000000004,-1.19151,North East England,Urban,A,8,30,Single carriageway,Dry,Fine,No,Darkness - lights,2012-02-03 18:54:00,2012,4,2,3,5,0.787,2,4,1,Crossroads,Mid Junction - on roundabout or on main road,Front,Other/Not known,1560,Heavy oil,Peugeot,Car,Going ahead,Slight,19.0,0,1,0
997,201022C003362,52.032423,-2.301565,Wast Midlands,Rural,Unclassified,7,30,Single carriageway,Dry,Fine,No,Daylight,2010-07-01 11:13:00,2010,2,7,1,4,0.467,2,6,16,Not at junction or within 20 metres,Not at or within 20 metres of junction,Offside,Other/Not known,2980,Heavy oil,Toyota,Car,Going ahead,Slight,11.0,0,1,0
998,201401BS70655,51.498924,-0.198706,London,Urban,B,9,30,Single carriageway,Dry,Fine,No,Daylight,2014-10-01 07:45:00,2014,3,10,1,3,0.323,2,5,17,T or staggered junction,Mid Junction - on roundabout or on main road,Back,Other/Not known,1275,Petrol,Rover,Car,Turning right,Slight,8.0,0,1,0
999,2014471404414,50.870237,-0.859569,South East England,Rural,B,8,30,Single carriageway,Dry,Fine,No,Daylight,2014-08-01 10:56:00,2014,2,8,1,5,0.456,2,8,11,T or staggered junction,Approaching junction or waiting/parked at junction approach,Front,Other/Not known,1390,Petrol,Skoda,Car,Waiting to go,Fatal_Serious,11.0,1,1,0